"Hash","Path","Ext","Size","IsLatestPrint"
"CE2FF9FA5D3EE46CBE6762062B8954845E0F4F4287706467A55138A2BC9F88CE","C:\Users\peewe\OneDrive\Desktop\homeix\width_531.png",".png","62090","False"
"0724DC93B516F1D4258BA01D912F7F619D54EB5B554634CD861104EB312AF2B7","C:\Users\peewe\OneDrive\Desktop\homeix\archive\runs\outputs_archive_20260226_155829\outputs_archive_20260226_155829\draft_paper_assets\fig_avg_leadtime_by_signal.png",".png","59865","False"
"115AEB57395DE915D344F889E63C4EC632D98EB5832B4361A46F178E5941DDE8","C:\Users\peewe\OneDrive\Desktop\homeix\archive\runs\outputs_archive_20260226_155829\outputs_archive_20260226_155829\draft_paper_assets\fig_price_and_fair_with_crash_starts.png",".png","209597","False"
"A27B7914D8E760AFD0D9FFCF6D05F44A486C09A2DEB9F7FBE99B88AA1E9BB4FD","C:\Users\peewe\OneDrive\Desktop\homeix\archive\runs\outputs_archive_20260226_155829\outputs_archive_20260226_155829\fair_assets\anim_fair_direction_of_flow.gif",".gif","1736867","False"
"2B1A12776DA584B9A62DFF84B51CCDF42A03965726603A844D3DEC7E64B0FBA7","C:\Users\peewe\OneDrive\Desktop\homeix\archive\runs\outputs_archive_20260226_155829\outputs_archive_20260226_155829\fair_assets\fig_fair_contributions.png",".png","209102","False"
"E949BC8B9122D027B7292A4882C6E9969DA5A971613C07349CB5A65E5AD88017","C:\Users\peewe\OneDrive\Desktop\homeix\archive\runs\outputs_archive_20260226_155829\outputs_archive_20260226_155829\fair_assets\fig_fair_level.png",".png","157118","False"
"F7B2DCE9E4EAA20BD3BC852ED1E71B0205416EE33797A319A2F4FCA3AA79665B","C:\Users\peewe\OneDrive\Desktop\homeix\archive\runs\outputs_archive_20260226_155829\outputs_archive_20260226_155829\figures\anim_fair_flow.gif",".gif","3465114","False"
"39645B67E0FEDF1DE48EE01B76ABEAAA4E6335BFA1302923A441E1F56DC6781D","C:\Users\peewe\OneDrive\Desktop\homeix\archive\runs\outputs_archive_20260226_155829\outputs_archive_20260226_155829\figures\fig_domain_mortgage_stock_gbp_bn.png",".png","60506","False"
"23AFF8580FF29A4BBC1ACC0F655ED8064FFCE8D87817B8E5DC04968A9EA14C88","C:\Users\peewe\OneDrive\Desktop\homeix\archive\runs\outputs_archive_20260226_155829\outputs_archive_20260226_155829\figures\fig_domain_turnover_pct_q.png",".png","115581","False"
"32A89183F47B8FAAE69D3792A235CF1DABFE9CAED04EF4BADDFD643E24B51C1E","C:\Users\peewe\OneDrive\Desktop\homeix\archive\runs\outputs_archive_20260226_155829\outputs_archive_20260226_155829\figures\fig_fair_contrib.png",".png","218369","False"
"81DC676201D21E6B748EAB88B73EE591B4EDBA5E8D8EB0039DDC0497C8889197","C:\Users\peewe\OneDrive\Desktop\homeix\archive\runs\outputs_archive_20260226_155829\outputs_archive_20260226_155829\figures\fig_fair_level.png",".png","160907","False"
"37B23A1DEF82E466297199039C56D525F40F4BE6281DBE4A00BDD4249B40B0EE","C:\Users\peewe\OneDrive\Desktop\homeix\archive\runs\outputs_archive_20260226_162634\fair_assets\fig_fair_contributions.png",".png","149544","False"
"951B10434B1252904BFA5DAE9C3619C2AA702F2F9FF9F0CA9ADF1257094386E9","C:\Users\peewe\OneDrive\Desktop\homeix\archive\runs\outputs_archive_20260226_162634\fair_assets\fig_fair_level.png",".png","76884","False"
"FAB9B5EB316E2010B492AF0306C11F8304B43E9BCA14B09D5FDDCE5A360E172A","C:\Users\peewe\OneDrive\Desktop\homeix\archive\runs\outputs_archive_20260226_165645\fair_assets\anim_fair_direction_of_flow.gif",".gif","1588799","False"
"AF1AFB8079BED1BE802CA126DC2F6B83A79B10A85A7A6DED64BD6B61065DA25A","C:\Users\peewe\OneDrive\Desktop\homeix\archive\runs\outputs_archive_20260226_165645\fair_assets\fig_fair_contributions.png",".png","210436","False"
"305C0CBBFCA5EB45A4A15719ABDCF652FA3DF6FB4948527F750D8F326B58199F","C:\Users\peewe\OneDrive\Desktop\homeix\archive\runs\outputs_archive_20260226_165645\fair_assets\fig_fair_level.png",".png","155313","False"
"3729F4A3C91228B5C3F477CE3072E538A38CC7B988244969524A6274031100C0","C:\Users\peewe\OneDrive\Desktop\homeix\archive\runs\outputs_archive_20260226_165645\figures\anim_fair_flow.gif",".gif","1819627","False"
"960479B54664229E9830D9DDF5111F3F0EBC5DAF088C391F4A2FF4AB1C128265","C:\Users\peewe\OneDrive\Desktop\homeix\archive\runs\outputs_archive_20260226_165645\figures\fig_fair_contrib.png",".png","223037","False"
"89625EEF4019C8D71F2B3528522C6D21C62EBDB90E506841C99411FEEB5467C8","C:\Users\peewe\OneDrive\Desktop\homeix\archive\runs\outputs_archive_20260226_165645\figures\fig_fair_level.png",".png","163147","False"
"EA45ABFB810103F58B26B4730E6F12D99AEE4D7E64A09CF7AE7EEA616CA57750","C:\Users\peewe\OneDrive\Desktop\homeix\archive\runs\outputs_archive_20260226_200602\fair_assets\anim_fair_direction_of_flow.gif",".gif","1583614","False"
"A78E1595824D43EAB35B72CF87D027B792A1ED99A1F3B967286BCC43849AD0DD","C:\Users\peewe\OneDrive\Desktop\homeix\archive\runs\outputs_archive_20260226_200602\fair_assets\fig_fair_contributions.png",".png","207517","False"
"B2E10F594225D8ABE74E4F9458553B20A90F75C2A146347C14A34EB274EAE6C1","C:\Users\peewe\OneDrive\Desktop\homeix\archive\runs\outputs_archive_20260226_200602\fair_assets\fig_fair_level.png",".png","155187","False"
"B0F1F17E415BB05A97DC2F37968530191F34BC1685BF6850EFF4F8FDEF04457B","C:\Users\peewe\OneDrive\Desktop\homeix\archive\runs\outputs_archive_20260226_200602\figures\anim_fair_flow.gif",".gif","1870942","False"
"D9D3561CECCD6317EFFE26DBB5F13ED20C54A03924F57EDCD0EE48E51E259E7A","C:\Users\peewe\OneDrive\Desktop\homeix\archive\runs\outputs_archive_20260226_200602\figures\fig_domain_mortgage_stock_gbp_bn.png",".png","58981","False"
"923E2479DD61F5AB5EED164D1705570DF77B5BD4858FE2B417E47C6227572769","C:\Users\peewe\OneDrive\Desktop\homeix\archive\runs\outputs_archive_20260226_200602\figures\fig_domain_turnover_pct_q.png",".png","103243","False"
"9B0A6B76C9105E50E919766BC381210D6EAF99C40A4222ED9DBC761E30E25EDF","C:\Users\peewe\OneDrive\Desktop\homeix\archive\runs\outputs_archive_20260226_200602\figures\fig_fair_contrib.png",".png","224099","False"
"2BDC59268CF2969867B43C76CC41140D390ACF9B537C267E919FD2599629E0B2","C:\Users\peewe\OneDrive\Desktop\homeix\archive\runs\outputs_archive_20260226_200602\figures\fig_fair_level.png",".png","164313","False"
"EA45ABFB810103F58B26B4730E6F12D99AEE4D7E64A09CF7AE7EEA616CA57750","C:\Users\peewe\OneDrive\Desktop\homeix\archive\runs\outputs_archive_20260226_201520\fair_assets\anim_fair_direction_of_flow.gif",".gif","1583614","False"
"A78E1595824D43EAB35B72CF87D027B792A1ED99A1F3B967286BCC43849AD0DD","C:\Users\peewe\OneDrive\Desktop\homeix\archive\runs\outputs_archive_20260226_201520\fair_assets\fig_fair_contributions.png",".png","207517","False"
"B2E10F594225D8ABE74E4F9458553B20A90F75C2A146347C14A34EB274EAE6C1","C:\Users\peewe\OneDrive\Desktop\homeix\archive\runs\outputs_archive_20260226_201520\fair_assets\fig_fair_level.png",".png","155187","False"
"B0F1F17E415BB05A97DC2F37968530191F34BC1685BF6850EFF4F8FDEF04457B","C:\Users\peewe\OneDrive\Desktop\homeix\archive\runs\outputs_archive_20260226_201520\figures\anim_fair_flow.gif",".gif","1870942","False"
"D9D3561CECCD6317EFFE26DBB5F13ED20C54A03924F57EDCD0EE48E51E259E7A","C:\Users\peewe\OneDrive\Desktop\homeix\archive\runs\outputs_archive_20260226_201520\figures\fig_domain_mortgage_stock_gbp_bn.png",".png","58981","False"
"923E2479DD61F5AB5EED164D1705570DF77B5BD4858FE2B417E47C6227572769","C:\Users\peewe\OneDrive\Desktop\homeix\archive\runs\outputs_archive_20260226_201520\figures\fig_domain_turnover_pct_q.png",".png","103243","False"
"9B0A6B76C9105E50E919766BC381210D6EAF99C40A4222ED9DBC761E30E25EDF","C:\Users\peewe\OneDrive\Desktop\homeix\archive\runs\outputs_archive_20260226_201520\figures\fig_fair_contrib.png",".png","224099","False"
"2BDC59268CF2969867B43C76CC41140D390ACF9B537C267E919FD2599629E0B2","C:\Users\peewe\OneDrive\Desktop\homeix\archive\runs\outputs_archive_20260226_201520\figures\fig_fair_level.png",".png","164313","False"
"E92314B469DC3A962BD722A0D825623E1CDBA789193B203DBABEA0FCC5031B1E","C:\Users\peewe\OneDrive\Desktop\homeix\archive\runs\outputs_archive_20260226_203444\draft_paper_assets\fig_price_and_fair_with_crash_starts.png",".png","148678","False"
"EA45ABFB810103F58B26B4730E6F12D99AEE4D7E64A09CF7AE7EEA616CA57750","C:\Users\peewe\OneDrive\Desktop\homeix\archive\runs\outputs_archive_20260226_203444\fair_assets\anim_fair_direction_of_flow.gif",".gif","1583614","False"
"A78E1595824D43EAB35B72CF87D027B792A1ED99A1F3B967286BCC43849AD0DD","C:\Users\peewe\OneDrive\Desktop\homeix\archive\runs\outputs_archive_20260226_203444\fair_assets\fig_fair_contributions.png",".png","207517","False"
"B2E10F594225D8ABE74E4F9458553B20A90F75C2A146347C14A34EB274EAE6C1","C:\Users\peewe\OneDrive\Desktop\homeix\archive\runs\outputs_archive_20260226_203444\fair_assets\fig_fair_level.png",".png","155187","False"
"B0F1F17E415BB05A97DC2F37968530191F34BC1685BF6850EFF4F8FDEF04457B","C:\Users\peewe\OneDrive\Desktop\homeix\archive\runs\outputs_archive_20260226_203444\figures\anim_fair_flow.gif",".gif","1870942","False"
"D9D3561CECCD6317EFFE26DBB5F13ED20C54A03924F57EDCD0EE48E51E259E7A","C:\Users\peewe\OneDrive\Desktop\homeix\archive\runs\outputs_archive_20260226_203444\figures\fig_domain_mortgage_stock_gbp_bn.png",".png","58981","False"
"923E2479DD61F5AB5EED164D1705570DF77B5BD4858FE2B417E47C6227572769","C:\Users\peewe\OneDrive\Desktop\homeix\archive\runs\outputs_archive_20260226_203444\figures\fig_domain_turnover_pct_q.png",".png","103243","False"
"9B0A6B76C9105E50E919766BC381210D6EAF99C40A4222ED9DBC761E30E25EDF","C:\Users\peewe\OneDrive\Desktop\homeix\archive\runs\outputs_archive_20260226_203444\figures\fig_fair_contrib.png",".png","224099","False"
"2BDC59268CF2969867B43C76CC41140D390ACF9B537C267E919FD2599629E0B2","C:\Users\peewe\OneDrive\Desktop\homeix\archive\runs\outputs_archive_20260226_203444\figures\fig_fair_level.png",".png","164313","False"
"EEF8CBD9D6BF8E9C0F4783A6862F1DF43982248D3D4DDA0147A3CB01DC0F1722","C:\Users\peewe\OneDrive\Desktop\homeix\archive\runs\outputs_archive_20260226_205052\draft_paper_assets\fig_price_and_fair_with_crash_starts.png",".png","163006","False"
"004342F5B5B88EE38F677CA01383921D943972083C3571CDB51FEFFC426B21FF","C:\Users\peewe\OneDrive\Desktop\homeix\archive\runs\outputs_archive_20260226_205052\ebook\homeix_fair_ebook.pdf",".pdf","297013","False"
"1124F05081A3CD6ED619A8330556F5C37CC6F2429A5790B4B2DFF205F394E761","C:\Users\peewe\OneDrive\Desktop\homeix\archive\runs\outputs_archive_20260226_205052\ebook\assets\figures\fig_turnover_pct_q.png",".png","123740","False"
"83E856D90D814488BA9E21B086B9F2D78788C1D5DC49DEE827CA1A4CB621E064","C:\Users\peewe\OneDrive\Desktop\homeix\archive\runs\outputs_archive_20260226_205052\fair_assets\anim_fair_direction_of_flow.gif",".gif","1783940","False"
"55F40003EA23702BBE52299E4FDE8A321C5FC6D48CF72252BAEF799020CB37E1","C:\Users\peewe\OneDrive\Desktop\homeix\archive\runs\outputs_archive_20260226_205052\fair_assets\fig_fair_contributions.png",".png","210798","False"
"06B767948A98732EB8501C0333884AF742972E3141CC544A58AD70D2B9F0613D","C:\Users\peewe\OneDrive\Desktop\homeix\archive\runs\outputs_archive_20260226_205052\fair_assets\fig_fair_level.png",".png","159803","False"
"B0F1F17E415BB05A97DC2F37968530191F34BC1685BF6850EFF4F8FDEF04457B","C:\Users\peewe\OneDrive\Desktop\homeix\archive\runs\outputs_archive_20260226_205052\figures\anim_fair_flow.gif",".gif","1870942","False"
"48BDA9F698737CBB1700218EFA4D159DFE1456A8ED20E015CE7EC0338051D5B0","C:\Users\peewe\OneDrive\Desktop\homeix\archive\runs\outputs_archive_20260226_205052\figures\fig_avg_leadtime_by_signal.png",".png","50769","False"
"37C9D578393F5A06C6B0DB8CBF07DDA19F1B14EBBF63B1DC264C76C8BB23D523","C:\Users\peewe\OneDrive\Desktop\homeix\archive\runs\outputs_archive_20260226_205052\figures\fig_domain_mortgage_stock_gbp_bn.png",".png","53124","False"
"FC39D18195DAEFCA0AAF158660A96CAB9BD42546ED11E7622831925DFCD2023D","C:\Users\peewe\OneDrive\Desktop\homeix\archive\runs\outputs_archive_20260226_205052\figures\fig_domain_turnover_pct_q.png",".png","41648","False"
"9B0A6B76C9105E50E919766BC381210D6EAF99C40A4222ED9DBC761E30E25EDF","C:\Users\peewe\OneDrive\Desktop\homeix\archive\runs\outputs_archive_20260226_205052\figures\fig_fair_contrib.png",".png","224099","False"
"55F40003EA23702BBE52299E4FDE8A321C5FC6D48CF72252BAEF799020CB37E1","C:\Users\peewe\OneDrive\Desktop\homeix\archive\runs\outputs_archive_20260226_205052\figures\fig_fair_contributions.png",".png","210798","False"
"E75CDA02A1E8FC9962ED40D3B16764E5003799C9AA6EC73CF7F02826665D3056","C:\Users\peewe\OneDrive\Desktop\homeix\archive\runs\outputs_archive_20260226_205052\figures\fig_fair_level.png",".png","31860","False"
"9A74EAF44A19CBC9FCBABE1061BE98739AF87DAA00467E562DBB382A4ADA6D0A","C:\Users\peewe\OneDrive\Desktop\homeix\archive\runs\outputs_archive_20260226_205052\figures\fig_price_and_fair_with_crash_starts.png",".png","69784","False"
"1124F05081A3CD6ED619A8330556F5C37CC6F2429A5790B4B2DFF205F394E761","C:\Users\peewe\OneDrive\Desktop\homeix\archive\runs\outputs_archive_20260226_205052\figures\fig_turnover_pct_q.png",".png","123740","False"
"83E856D90D814488BA9E21B086B9F2D78788C1D5DC49DEE827CA1A4CB621E064","C:\Users\peewe\OneDrive\Desktop\homeix\archive\runs\outputs_archive_20260226_205052\gifs\anim_fair_direction_of_flow.gif",".gif","1783940","False"
"EEF8CBD9D6BF8E9C0F4783A6862F1DF43982248D3D4DDA0147A3CB01DC0F1722","C:\Users\peewe\OneDrive\Desktop\homeix\archive\runs\outputs_archive_20260227_143541\draft_paper_assets\fig_price_and_fair_with_crash_starts.png",".png","163006","False"
"83E856D90D814488BA9E21B086B9F2D78788C1D5DC49DEE827CA1A4CB621E064","C:\Users\peewe\OneDrive\Desktop\homeix\archive\runs\outputs_archive_20260227_143541\fair_assets\anim_fair_direction_of_flow.gif",".gif","1783940","False"
"55F40003EA23702BBE52299E4FDE8A321C5FC6D48CF72252BAEF799020CB37E1","C:\Users\peewe\OneDrive\Desktop\homeix\archive\runs\outputs_archive_20260227_143541\fair_assets\fig_fair_contributions.png",".png","210798","False"
"06B767948A98732EB8501C0333884AF742972E3141CC544A58AD70D2B9F0613D","C:\Users\peewe\OneDrive\Desktop\homeix\archive\runs\outputs_archive_20260227_143541\fair_assets\fig_fair_level.png",".png","159803","False"
"7F943B706E24D24A569D5D79B73F806F4761189EF7CF6E2A1468A0DA5F74DBC2","C:\Users\peewe\OneDrive\Desktop\homeix\archive\runs\outputs_archive_20260227_143541\figures\anim_fair_flow.gif",".gif","1880532","False"
"68BAC2811921CFD7D24222C951E3B121F1392FDCBCF2CC3FE20E143A57EB7312","C:\Users\peewe\OneDrive\Desktop\homeix\archive\runs\outputs_archive_20260227_143541\figures\fig_domain_mortgage_stock_gbp_bn.png",".png","61647","False"
"7AAE58BE3932A2A46B024F081078E6CD261B7339A3168EDBF7C6079AFE5FF7DE","C:\Users\peewe\OneDrive\Desktop\homeix\archive\runs\outputs_archive_20260227_143541\figures\fig_domain_turnover_pct_q.png",".png","110585","False"
"092CFB2A94A42FD1C53D1F9169AFF3BA6D424A6EC086BABB11829587BF228E50","C:\Users\peewe\OneDrive\Desktop\homeix\archive\runs\outputs_archive_20260227_143541\figures\fig_fair_contrib.png",".png","227008","False"
"9269595E1AD0D7AB255849CEA896F05EDDBCC2344A4B786EB8E741F21AD1B629","C:\Users\peewe\OneDrive\Desktop\homeix\archive\runs\outputs_archive_20260227_143541\figures\fig_fair_level.png",".png","167049","False"
"37C9D578393F5A06C6B0DB8CBF07DDA19F1B14EBBF63B1DC264C76C8BB23D523","C:\Users\peewe\OneDrive\Desktop\homeix\archive\runs\outputs_archive_20260227_143541\figures_runs\20260227_104741\fig_domain_mortgage_stock_gbp_bn.png",".png","53124","False"
"FC39D18195DAEFCA0AAF158660A96CAB9BD42546ED11E7622831925DFCD2023D","C:\Users\peewe\OneDrive\Desktop\homeix\archive\runs\outputs_archive_20260227_143541\figures_runs\20260227_104741\fig_domain_turnover_pct_q.png",".png","41648","False"
"E75CDA02A1E8FC9962ED40D3B16764E5003799C9AA6EC73CF7F02826665D3056","C:\Users\peewe\OneDrive\Desktop\homeix\archive\runs\outputs_archive_20260227_143541\figures_runs\20260227_104741\fig_fair_level.png",".png","31860","False"
"48BDA9F698737CBB1700218EFA4D159DFE1456A8ED20E015CE7EC0338051D5B0","C:\Users\peewe\OneDrive\Desktop\homeix\archive\runs\outputs_archive_20260227_143541\figures_runs\20260227_105316\fig_avg_leadtime_by_signal.png",".png","50769","False"
"37C9D578393F5A06C6B0DB8CBF07DDA19F1B14EBBF63B1DC264C76C8BB23D523","C:\Users\peewe\OneDrive\Desktop\homeix\archive\runs\outputs_archive_20260227_143541\figures_runs\20260227_105316\fig_domain_mortgage_stock_gbp_bn.png",".png","53124","False"
"FC39D18195DAEFCA0AAF158660A96CAB9BD42546ED11E7622831925DFCD2023D","C:\Users\peewe\OneDrive\Desktop\homeix\archive\runs\outputs_archive_20260227_143541\figures_runs\20260227_105316\fig_domain_turnover_pct_q.png",".png","41648","False"
"E75CDA02A1E8FC9962ED40D3B16764E5003799C9AA6EC73CF7F02826665D3056","C:\Users\peewe\OneDrive\Desktop\homeix\archive\runs\outputs_archive_20260227_143541\figures_runs\20260227_105316\fig_fair_level.png",".png","31860","False"
"48BDA9F698737CBB1700218EFA4D159DFE1456A8ED20E015CE7EC0338051D5B0","C:\Users\peewe\OneDrive\Desktop\homeix\archive\runs\outputs_archive_20260227_143541\figures_runs\20260227_105852\fig_avg_leadtime_by_signal.png",".png","50769","False"
"37C9D578393F5A06C6B0DB8CBF07DDA19F1B14EBBF63B1DC264C76C8BB23D523","C:\Users\peewe\OneDrive\Desktop\homeix\archive\runs\outputs_archive_20260227_143541\figures_runs\20260227_105852\fig_domain_mortgage_stock_gbp_bn.png",".png","53124","False"
"FC39D18195DAEFCA0AAF158660A96CAB9BD42546ED11E7622831925DFCD2023D","C:\Users\peewe\OneDrive\Desktop\homeix\archive\runs\outputs_archive_20260227_143541\figures_runs\20260227_105852\fig_domain_turnover_pct_q.png",".png","41648","False"
"E75CDA02A1E8FC9962ED40D3B16764E5003799C9AA6EC73CF7F02826665D3056","C:\Users\peewe\OneDrive\Desktop\homeix\archive\runs\outputs_archive_20260227_143541\figures_runs\20260227_105852\fig_fair_level.png",".png","31860","False"
"9A74EAF44A19CBC9FCBABE1061BE98739AF87DAA00467E562DBB382A4ADA6D0A","C:\Users\peewe\OneDrive\Desktop\homeix\archive\runs\outputs_archive_20260227_143541\figures_runs\20260227_105852\fig_price_and_fair_with_crash_starts.png",".png","69784","False"
"EEF8CBD9D6BF8E9C0F4783A6862F1DF43982248D3D4DDA0147A3CB01DC0F1722","C:\Users\peewe\OneDrive\Desktop\homeix\archive\runs\outputs_archive_20260227_173047\draft_paper_assets\fig_price_and_fair_with_crash_starts.png",".png","163006","False"
"83E856D90D814488BA9E21B086B9F2D78788C1D5DC49DEE827CA1A4CB621E064","C:\Users\peewe\OneDrive\Desktop\homeix\archive\runs\outputs_archive_20260227_173047\fair_assets\anim_fair_direction_of_flow.gif",".gif","1783940","False"
"55F40003EA23702BBE52299E4FDE8A321C5FC6D48CF72252BAEF799020CB37E1","C:\Users\peewe\OneDrive\Desktop\homeix\archive\runs\outputs_archive_20260227_173047\fair_assets\fig_fair_contributions.png",".png","210798","False"
"06B767948A98732EB8501C0333884AF742972E3141CC544A58AD70D2B9F0613D","C:\Users\peewe\OneDrive\Desktop\homeix\archive\runs\outputs_archive_20260227_173047\fair_assets\fig_fair_level.png",".png","159803","False"
"7F943B706E24D24A569D5D79B73F806F4761189EF7CF6E2A1468A0DA5F74DBC2","C:\Users\peewe\OneDrive\Desktop\homeix\archive\runs\outputs_archive_20260227_173047\figures\anim_fair_flow.gif",".gif","1880532","False"
"68BAC2811921CFD7D24222C951E3B121F1392FDCBCF2CC3FE20E143A57EB7312","C:\Users\peewe\OneDrive\Desktop\homeix\archive\runs\outputs_archive_20260227_173047\figures\fig_domain_mortgage_stock_gbp_bn.png",".png","61647","False"
"7AAE58BE3932A2A46B024F081078E6CD261B7339A3168EDBF7C6079AFE5FF7DE","C:\Users\peewe\OneDrive\Desktop\homeix\archive\runs\outputs_archive_20260227_173047\figures\fig_domain_turnover_pct_q.png",".png","110585","False"
"092CFB2A94A42FD1C53D1F9169AFF3BA6D424A6EC086BABB11829587BF228E50","C:\Users\peewe\OneDrive\Desktop\homeix\archive\runs\outputs_archive_20260227_173047\figures\fig_fair_contrib.png",".png","227008","False"
"9269595E1AD0D7AB255849CEA896F05EDDBCC2344A4B786EB8E741F21AD1B629","C:\Users\peewe\OneDrive\Desktop\homeix\archive\runs\outputs_archive_20260227_173047\figures\fig_fair_level.png",".png","167049","False"
"EEF8CBD9D6BF8E9C0F4783A6862F1DF43982248D3D4DDA0147A3CB01DC0F1722","C:\Users\peewe\OneDrive\Desktop\homeix\archive\runs\outputs_archive_20260228_105940\outputs_repo_snapshot\draft_paper_assets\fig_price_and_fair_with_crash_starts.png",".png","163006","False"
"83E856D90D814488BA9E21B086B9F2D78788C1D5DC49DEE827CA1A4CB621E064","C:\Users\peewe\OneDrive\Desktop\homeix\archive\runs\outputs_archive_20260228_105940\outputs_repo_snapshot\fair_assets\anim_fair_direction_of_flow.gif",".gif","1783940","False"
"55F40003EA23702BBE52299E4FDE8A321C5FC6D48CF72252BAEF799020CB37E1","C:\Users\peewe\OneDrive\Desktop\homeix\archive\runs\outputs_archive_20260228_105940\outputs_repo_snapshot\fair_assets\fig_fair_contributions.png",".png","210798","False"
"06B767948A98732EB8501C0333884AF742972E3141CC544A58AD70D2B9F0613D","C:\Users\peewe\OneDrive\Desktop\homeix\archive\runs\outputs_archive_20260228_105940\outputs_repo_snapshot\fair_assets\fig_fair_level.png",".png","159803","False"
"7F943B706E24D24A569D5D79B73F806F4761189EF7CF6E2A1468A0DA5F74DBC2","C:\Users\peewe\OneDrive\Desktop\homeix\archive\runs\outputs_archive_20260228_105940\outputs_repo_snapshot\figures\anim_fair_flow.gif",".gif","1880532","False"
"68BAC2811921CFD7D24222C951E3B121F1392FDCBCF2CC3FE20E143A57EB7312","C:\Users\peewe\OneDrive\Desktop\homeix\archive\runs\outputs_archive_20260228_105940\outputs_repo_snapshot\figures\fig_domain_mortgage_stock_gbp_bn.png",".png","61647","False"
"7AAE58BE3932A2A46B024F081078E6CD261B7339A3168EDBF7C6079AFE5FF7DE","C:\Users\peewe\OneDrive\Desktop\homeix\archive\runs\outputs_archive_20260228_105940\outputs_repo_snapshot\figures\fig_domain_turnover_pct_q.png",".png","110585","False"
"092CFB2A94A42FD1C53D1F9169AFF3BA6D424A6EC086BABB11829587BF228E50","C:\Users\peewe\OneDrive\Desktop\homeix\archive\runs\outputs_archive_20260228_105940\outputs_repo_snapshot\figures\fig_fair_contrib.png",".png","227008","False"
"9269595E1AD0D7AB255849CEA896F05EDDBCC2344A4B786EB8E741F21AD1B629","C:\Users\peewe\OneDrive\Desktop\homeix\archive\runs\outputs_archive_20260228_105940\outputs_repo_snapshot\figures\fig_fair_level.png",".png","167049","False"
"37B23A1DEF82E466297199039C56D525F40F4BE6281DBE4A00BDD4249B40B0EE","C:\Users\peewe\OneDrive\Desktop\homeix\archive\runs\outputs_archive_20260228_105940\publication\publication_repo_snapshot\print_20260226_160410\fig_fair_contributions.png",".png","149544","False"
"951B10434B1252904BFA5DAE9C3619C2AA702F2F9FF9F0CA9ADF1257094386E9","C:\Users\peewe\OneDrive\Desktop\homeix\archive\runs\outputs_archive_20260228_105940\publication\publication_repo_snapshot\print_20260226_160410\fig_fair_level.png",".png","76884","False"
"EA45ABFB810103F58B26B4730E6F12D99AEE4D7E64A09CF7AE7EEA616CA57750","C:\Users\peewe\OneDrive\Desktop\homeix\archive\runs\outputs_archive_20260228_105940\publication\publication_repo_snapshot\print_20260226_201520\anim_fair_direction_of_flow.gif",".gif","1583614","False"
"D9D3561CECCD6317EFFE26DBB5F13ED20C54A03924F57EDCD0EE48E51E259E7A","C:\Users\peewe\OneDrive\Desktop\homeix\archive\runs\outputs_archive_20260228_105940\publication\publication_repo_snapshot\print_20260226_201520\fig_domain_mortgage_stock_gbp_bn.png",".png","58981","False"
"923E2479DD61F5AB5EED164D1705570DF77B5BD4858FE2B417E47C6227572769","C:\Users\peewe\OneDrive\Desktop\homeix\archive\runs\outputs_archive_20260228_105940\publication\publication_repo_snapshot\print_20260226_201520\fig_domain_turnover_pct_q.png",".png","103243","False"
"A78E1595824D43EAB35B72CF87D027B792A1ED99A1F3B967286BCC43849AD0DD","C:\Users\peewe\OneDrive\Desktop\homeix\archive\runs\outputs_archive_20260228_105940\publication\publication_repo_snapshot\print_20260226_201520\fig_fair_contributions.png",".png","207517","False"
"B2E10F594225D8ABE74E4F9458553B20A90F75C2A146347C14A34EB274EAE6C1","C:\Users\peewe\OneDrive\Desktop\homeix\archive\runs\outputs_archive_20260228_105940\publication\publication_repo_snapshot\print_20260226_201520\fig_fair_level.png",".png","155187","False"
"E92314B469DC3A962BD722A0D825623E1CDBA789193B203DBABEA0FCC5031B1E","C:\Users\peewe\OneDrive\Desktop\homeix\archive\runs\outputs_archive_20260228_105940\publication\publication_repo_snapshot\print_20260226_201520\fig_price_and_fair_with_crash_starts.png",".png","148678","False"
"EA45ABFB810103F58B26B4730E6F12D99AEE4D7E64A09CF7AE7EEA616CA57750","C:\Users\peewe\OneDrive\Desktop\homeix\archive\runs\outputs_archive_20260228_105940\publication\publication_repo_snapshot\print_20260226_203444\anim_fair_direction_of_flow.gif",".gif","1583614","False"
"D9D3561CECCD6317EFFE26DBB5F13ED20C54A03924F57EDCD0EE48E51E259E7A","C:\Users\peewe\OneDrive\Desktop\homeix\archive\runs\outputs_archive_20260228_105940\publication\publication_repo_snapshot\print_20260226_203444\fig_domain_mortgage_stock_gbp_bn.png",".png","58981","False"
"923E2479DD61F5AB5EED164D1705570DF77B5BD4858FE2B417E47C6227572769","C:\Users\peewe\OneDrive\Desktop\homeix\archive\runs\outputs_archive_20260228_105940\publication\publication_repo_snapshot\print_20260226_203444\fig_domain_turnover_pct_q.png",".png","103243","False"
"A78E1595824D43EAB35B72CF87D027B792A1ED99A1F3B967286BCC43849AD0DD","C:\Users\peewe\OneDrive\Desktop\homeix\archive\runs\outputs_archive_20260228_105940\publication\publication_repo_snapshot\print_20260226_203444\fig_fair_contributions.png",".png","207517","False"
"B2E10F594225D8ABE74E4F9458553B20A90F75C2A146347C14A34EB274EAE6C1","C:\Users\peewe\OneDrive\Desktop\homeix\archive\runs\outputs_archive_20260228_105940\publication\publication_repo_snapshot\print_20260226_203444\fig_fair_level.png",".png","155187","False"
"E92314B469DC3A962BD722A0D825623E1CDBA789193B203DBABEA0FCC5031B1E","C:\Users\peewe\OneDrive\Desktop\homeix\archive\runs\outputs_archive_20260228_105940\publication\publication_repo_snapshot\print_20260226_203444\fig_price_and_fair_with_crash_starts.png",".png","148678","False"
"8079062060254A68E2410AE1E8603097E011B239D37A63A416E422CB877A842F","C:\Users\peewe\OneDrive\Desktop\homeix\archive\runs\outputs_archive_20260228_105940\publication\publication_repo_snapshot\print_20260226_205052\anim_fair_direction_of_flow - Copy.gif",".gif","1655961","False"
"8079062060254A68E2410AE1E8603097E011B239D37A63A416E422CB877A842F","C:\Users\peewe\OneDrive\Desktop\homeix\archive\runs\outputs_archive_20260228_105940\publication\publication_repo_snapshot\print_20260226_205052\anim_fair_direction_of_flow.gif",".gif","1655961","False"
"D9D3561CECCD6317EFFE26DBB5F13ED20C54A03924F57EDCD0EE48E51E259E7A","C:\Users\peewe\OneDrive\Desktop\homeix\archive\runs\outputs_archive_20260228_105940\publication\publication_repo_snapshot\print_20260226_205052\fig_domain_mortgage_stock_gbp_bn - Copy.png",".png","58981","False"
"D9D3561CECCD6317EFFE26DBB5F13ED20C54A03924F57EDCD0EE48E51E259E7A","C:\Users\peewe\OneDrive\Desktop\homeix\archive\runs\outputs_archive_20260228_105940\publication\publication_repo_snapshot\print_20260226_205052\fig_domain_mortgage_stock_gbp_bn.png",".png","58981","False"
"923E2479DD61F5AB5EED164D1705570DF77B5BD4858FE2B417E47C6227572769","C:\Users\peewe\OneDrive\Desktop\homeix\archive\runs\outputs_archive_20260228_105940\publication\publication_repo_snapshot\print_20260226_205052\fig_domain_turnover_pct_q.png",".png","103243","False"
"02CD06A453F12E11BF4DB91C280692AC9D09DECA553FD0601440DE4B9835CEDE","C:\Users\peewe\OneDrive\Desktop\homeix\archive\runs\outputs_archive_20260228_105940\publication\publication_repo_snapshot\print_20260226_205052\fig_fair_contributions.png",".png","209197","False"
"B8DE69098795A5A747F32FA84913E3C3B73E8C6DE91EC83BDBBFFD56F9150011","C:\Users\peewe\OneDrive\Desktop\homeix\archive\runs\outputs_archive_20260228_105940\publication\publication_repo_snapshot\print_20260226_205052\fig_fair_level.png",".png","156747","False"
"2E6D73C2840F31ED867D4FF2293C3DEAEFDD94EA70DC3838C41B3D560CE5872E","C:\Users\peewe\OneDrive\Desktop\homeix\archive\runs\outputs_archive_20260228_105940\publication\publication_repo_snapshot\print_20260226_205052\fig_price_and_fair_with_crash_starts.png",".png","153017","False"
"83E856D90D814488BA9E21B086B9F2D78788C1D5DC49DEE827CA1A4CB621E064","C:\Users\peewe\OneDrive\Desktop\homeix\archive\runs\outputs_archive_20260228_105940\publication\publication_repo_snapshot\print_20260227_143541\anim_fair_direction_of_flow.gif",".gif","1783940","False"
"68BAC2811921CFD7D24222C951E3B121F1392FDCBCF2CC3FE20E143A57EB7312","C:\Users\peewe\OneDrive\Desktop\homeix\archive\runs\outputs_archive_20260228_105940\publication\publication_repo_snapshot\print_20260227_143541\fig_domain_mortgage_stock_gbp_bn.png",".png","61647","False"
"7AAE58BE3932A2A46B024F081078E6CD261B7339A3168EDBF7C6079AFE5FF7DE","C:\Users\peewe\OneDrive\Desktop\homeix\archive\runs\outputs_archive_20260228_105940\publication\publication_repo_snapshot\print_20260227_143541\fig_domain_turnover_pct_q.png",".png","110585","False"
"55F40003EA23702BBE52299E4FDE8A321C5FC6D48CF72252BAEF799020CB37E1","C:\Users\peewe\OneDrive\Desktop\homeix\archive\runs\outputs_archive_20260228_105940\publication\publication_repo_snapshot\print_20260227_143541\fig_fair_contributions.png",".png","210798","False"
"06B767948A98732EB8501C0333884AF742972E3141CC544A58AD70D2B9F0613D","C:\Users\peewe\OneDrive\Desktop\homeix\archive\runs\outputs_archive_20260228_105940\publication\publication_repo_snapshot\print_20260227_143541\fig_fair_level.png",".png","159803","False"
"EEF8CBD9D6BF8E9C0F4783A6862F1DF43982248D3D4DDA0147A3CB01DC0F1722","C:\Users\peewe\OneDrive\Desktop\homeix\archive\runs\outputs_archive_20260228_105940\publication\publication_repo_snapshot\print_20260227_143541\fig_price_and_fair_with_crash_starts.png",".png","163006","False"
"EEF8CBD9D6BF8E9C0F4783A6862F1DF43982248D3D4DDA0147A3CB01DC0F1722","C:\Users\peewe\OneDrive\Desktop\homeix\archive\runs\outputs_archive_20260228_105940\publication\publication_repo_snapshot\print_20260227_143541\assets\draft_paper_assets\fig_price_and_fair_with_crash_starts.png",".png","163006","False"
"83E856D90D814488BA9E21B086B9F2D78788C1D5DC49DEE827CA1A4CB621E064","C:\Users\peewe\OneDrive\Desktop\homeix\archive\runs\outputs_archive_20260228_105940\publication\publication_repo_snapshot\print_20260227_143541\assets\fair_assets\anim_fair_direction_of_flow.gif",".gif","1783940","False"
"55F40003EA23702BBE52299E4FDE8A321C5FC6D48CF72252BAEF799020CB37E1","C:\Users\peewe\OneDrive\Desktop\homeix\archive\runs\outputs_archive_20260228_105940\publication\publication_repo_snapshot\print_20260227_143541\assets\fair_assets\fig_fair_contributions.png",".png","210798","False"
"06B767948A98732EB8501C0333884AF742972E3141CC544A58AD70D2B9F0613D","C:\Users\peewe\OneDrive\Desktop\homeix\archive\runs\outputs_archive_20260228_105940\publication\publication_repo_snapshot\print_20260227_143541\assets\fair_assets\fig_fair_level.png",".png","159803","False"
"7F943B706E24D24A569D5D79B73F806F4761189EF7CF6E2A1468A0DA5F74DBC2","C:\Users\peewe\OneDrive\Desktop\homeix\archive\runs\outputs_archive_20260228_105940\publication\publication_repo_snapshot\print_20260227_143541\assets\figures\anim_fair_flow.gif",".gif","1880532","False"
"68BAC2811921CFD7D24222C951E3B121F1392FDCBCF2CC3FE20E143A57EB7312","C:\Users\peewe\OneDrive\Desktop\homeix\archive\runs\outputs_archive_20260228_105940\publication\publication_repo_snapshot\print_20260227_143541\assets\figures\fig_domain_mortgage_stock_gbp_bn.png",".png","61647","False"
"7AAE58BE3932A2A46B024F081078E6CD261B7339A3168EDBF7C6079AFE5FF7DE","C:\Users\peewe\OneDrive\Desktop\homeix\archive\runs\outputs_archive_20260228_105940\publication\publication_repo_snapshot\print_20260227_143541\assets\figures\fig_domain_turnover_pct_q.png",".png","110585","False"
"092CFB2A94A42FD1C53D1F9169AFF3BA6D424A6EC086BABB11829587BF228E50","C:\Users\peewe\OneDrive\Desktop\homeix\archive\runs\outputs_archive_20260228_105940\publication\publication_repo_snapshot\print_20260227_143541\assets\figures\fig_fair_contrib.png",".png","227008","False"
"9269595E1AD0D7AB255849CEA896F05EDDBCC2344A4B786EB8E741F21AD1B629","C:\Users\peewe\OneDrive\Desktop\homeix\archive\runs\outputs_archive_20260228_105940\publication\publication_repo_snapshot\print_20260227_143541\assets\figures\fig_fair_level.png",".png","167049","False"
"83E856D90D814488BA9E21B086B9F2D78788C1D5DC49DEE827CA1A4CB621E064","C:\Users\peewe\OneDrive\Desktop\homeix\archive\runs\outputs_archive_20260228_105940\publication\publication_repo_snapshot\print_20260227_173047\anim_fair_direction_of_flow.gif",".gif","1783940","False"
"68BAC2811921CFD7D24222C951E3B121F1392FDCBCF2CC3FE20E143A57EB7312","C:\Users\peewe\OneDrive\Desktop\homeix\archive\runs\outputs_archive_20260228_105940\publication\publication_repo_snapshot\print_20260227_173047\fig_domain_mortgage_stock_gbp_bn.png",".png","61647","False"
"7AAE58BE3932A2A46B024F081078E6CD261B7339A3168EDBF7C6079AFE5FF7DE","C:\Users\peewe\OneDrive\Desktop\homeix\archive\runs\outputs_archive_20260228_105940\publication\publication_repo_snapshot\print_20260227_173047\fig_domain_turnover_pct_q.png",".png","110585","False"
"55F40003EA23702BBE52299E4FDE8A321C5FC6D48CF72252BAEF799020CB37E1","C:\Users\peewe\OneDrive\Desktop\homeix\archive\runs\outputs_archive_20260228_105940\publication\publication_repo_snapshot\print_20260227_173047\fig_fair_contributions.png",".png","210798","False"
"06B767948A98732EB8501C0333884AF742972E3141CC544A58AD70D2B9F0613D","C:\Users\peewe\OneDrive\Desktop\homeix\archive\runs\outputs_archive_20260228_105940\publication\publication_repo_snapshot\print_20260227_173047\fig_fair_level.png",".png","159803","False"
"EEF8CBD9D6BF8E9C0F4783A6862F1DF43982248D3D4DDA0147A3CB01DC0F1722","C:\Users\peewe\OneDrive\Desktop\homeix\archive\runs\outputs_archive_20260228_105940\publication\publication_repo_snapshot\print_20260227_173047\fig_price_and_fair_with_crash_starts.png",".png","163006","False"
"EEF8CBD9D6BF8E9C0F4783A6862F1DF43982248D3D4DDA0147A3CB01DC0F1722","C:\Users\peewe\OneDrive\Desktop\homeix\archive\runs\outputs_archive_20260228_105940\publication\publication_repo_snapshot\print_20260227_173047\assets\draft_paper_assets\fig_price_and_fair_with_crash_starts.png",".png","163006","False"
"83E856D90D814488BA9E21B086B9F2D78788C1D5DC49DEE827CA1A4CB621E064","C:\Users\peewe\OneDrive\Desktop\homeix\archive\runs\outputs_archive_20260228_105940\publication\publication_repo_snapshot\print_20260227_173047\assets\fair_assets\anim_fair_direction_of_flow.gif",".gif","1783940","False"
"55F40003EA23702BBE52299E4FDE8A321C5FC6D48CF72252BAEF799020CB37E1","C:\Users\peewe\OneDrive\Desktop\homeix\archive\runs\outputs_archive_20260228_105940\publication\publication_repo_snapshot\print_20260227_173047\assets\fair_assets\fig_fair_contributions.png",".png","210798","False"
"06B767948A98732EB8501C0333884AF742972E3141CC544A58AD70D2B9F0613D","C:\Users\peewe\OneDrive\Desktop\homeix\archive\runs\outputs_archive_20260228_105940\publication\publication_repo_snapshot\print_20260227_173047\assets\fair_assets\fig_fair_level.png",".png","159803","False"
"7F943B706E24D24A569D5D79B73F806F4761189EF7CF6E2A1468A0DA5F74DBC2","C:\Users\peewe\OneDrive\Desktop\homeix\archive\runs\outputs_archive_20260228_105940\publication\publication_repo_snapshot\print_20260227_173047\assets\figures\anim_fair_flow.gif",".gif","1880532","False"
"68BAC2811921CFD7D24222C951E3B121F1392FDCBCF2CC3FE20E143A57EB7312","C:\Users\peewe\OneDrive\Desktop\homeix\archive\runs\outputs_archive_20260228_105940\publication\publication_repo_snapshot\print_20260227_173047\assets\figures\fig_domain_mortgage_stock_gbp_bn.png",".png","61647","False"
"7AAE58BE3932A2A46B024F081078E6CD261B7339A3168EDBF7C6079AFE5FF7DE","C:\Users\peewe\OneDrive\Desktop\homeix\archive\runs\outputs_archive_20260228_105940\publication\publication_repo_snapshot\print_20260227_173047\assets\figures\fig_domain_turnover_pct_q.png",".png","110585","False"
"092CFB2A94A42FD1C53D1F9169AFF3BA6D424A6EC086BABB11829587BF228E50","C:\Users\peewe\OneDrive\Desktop\homeix\archive\runs\outputs_archive_20260228_105940\publication\publication_repo_snapshot\print_20260227_173047\assets\figures\fig_fair_contrib.png",".png","227008","False"
"9269595E1AD0D7AB255849CEA896F05EDDBCC2344A4B786EB8E741F21AD1B629","C:\Users\peewe\OneDrive\Desktop\homeix\archive\runs\outputs_archive_20260228_105940\publication\publication_repo_snapshot\print_20260227_173047\assets\figures\fig_fair_level.png",".png","167049","False"
"EEF8CBD9D6BF8E9C0F4783A6862F1DF43982248D3D4DDA0147A3CB01DC0F1722","C:\Users\peewe\OneDrive\Desktop\homeix\archive\runs\outputs_archive_20260228_105940\publication\publication_repo_snapshot\print_20260227_173047\outputs\draft_paper_assets\fig_price_and_fair_with_crash_starts.png",".png","163006","False"
"83E856D90D814488BA9E21B086B9F2D78788C1D5DC49DEE827CA1A4CB621E064","C:\Users\peewe\OneDrive\Desktop\homeix\archive\runs\outputs_archive_20260228_105940\publication\publication_repo_snapshot\print_20260227_173047\outputs\fair_assets\anim_fair_direction_of_flow.gif",".gif","1783940","False"
"55F40003EA23702BBE52299E4FDE8A321C5FC6D48CF72252BAEF799020CB37E1","C:\Users\peewe\OneDrive\Desktop\homeix\archive\runs\outputs_archive_20260228_105940\publication\publication_repo_snapshot\print_20260227_173047\outputs\fair_assets\fig_fair_contributions.png",".png","210798","False"
"06B767948A98732EB8501C0333884AF742972E3141CC544A58AD70D2B9F0613D","C:\Users\peewe\OneDrive\Desktop\homeix\archive\runs\outputs_archive_20260228_105940\publication\publication_repo_snapshot\print_20260227_173047\outputs\fair_assets\fig_fair_level.png",".png","159803","False"
"7F943B706E24D24A569D5D79B73F806F4761189EF7CF6E2A1468A0DA5F74DBC2","C:\Users\peewe\OneDrive\Desktop\homeix\archive\runs\outputs_archive_20260228_105940\publication\publication_repo_snapshot\print_20260227_173047\outputs\figures\anim_fair_flow.gif",".gif","1880532","False"
"68BAC2811921CFD7D24222C951E3B121F1392FDCBCF2CC3FE20E143A57EB7312","C:\Users\peewe\OneDrive\Desktop\homeix\archive\runs\outputs_archive_20260228_105940\publication\publication_repo_snapshot\print_20260227_173047\outputs\figures\fig_domain_mortgage_stock_gbp_bn.png",".png","61647","False"
"7AAE58BE3932A2A46B024F081078E6CD261B7339A3168EDBF7C6079AFE5FF7DE","C:\Users\peewe\OneDrive\Desktop\homeix\archive\runs\outputs_archive_20260228_105940\publication\publication_repo_snapshot\print_20260227_173047\outputs\figures\fig_domain_turnover_pct_q.png",".png","110585","False"
"092CFB2A94A42FD1C53D1F9169AFF3BA6D424A6EC086BABB11829587BF228E50","C:\Users\peewe\OneDrive\Desktop\homeix\archive\runs\outputs_archive_20260228_105940\publication\publication_repo_snapshot\print_20260227_173047\outputs\figures\fig_fair_contrib.png",".png","227008","False"
"9269595E1AD0D7AB255849CEA896F05EDDBCC2344A4B786EB8E741F21AD1B629","C:\Users\peewe\OneDrive\Desktop\homeix\archive\runs\outputs_archive_20260228_105940\publication\publication_repo_snapshot\print_20260227_173047\outputs\figures\fig_fair_level.png",".png","167049","False"
"EAB74FDF54B84B17A99F22FC0908D5FEC1C4DFE415800A73FAC1124D40C3B92F","C:\Users\peewe\OneDrive\Desktop\homeix\figures\england_wales_cash_share_quarterly.png",".png","145873","False"
"3062A0EF2006C16F557D19F7C2768477237C347CEED8BDD0B1A84E5F1AE3107B","C:\Users\peewe\OneDrive\Desktop\homeix\outputs\annual_exhibits\exhibit_1_turnover_cashshare_annual.png",".png","117963","False"
"F0CD1D6EFCE276DD10807D26B2D51E37820BF8857A9B799CFD5168A17C3FC8CC","C:\Users\peewe\OneDrive\Desktop\homeix\outputs\annual_exhibits\exhibit_2a_transaction_levels_annual.png",".png","114962","False"
"70234D1D2982EEAA0612C0FA811F302F081CECF8E03925EE6C6EC641A1864269","C:\Users\peewe\OneDrive\Desktop\homeix\outputs\annual_exhibits\exhibit_2b_transaction_mix_shares_annual.png",".png","75614","False"
"E14673CF47E71BEE30F3C5D386D685F5321DDB8A56847BDFF2EAE64359BEF1C1","C:\Users\peewe\OneDrive\Desktop\homeix\outputs\annual_exhibits\exhibit_3_mortgage_composition_annual.png",".png","87182","False"
"C6A7A8469590276FAD236F43978E3A6A7DCFFB3165E4E9039A037684916767A8","C:\Users\peewe\OneDrive\Desktop\homeix\outputs\annual_exhibits\exhibit_4_price_vs_turnover_index_annual.png",".png","106084","False"
"B6CE81DBCFF18698289F84AFC5937AAE22521255DCF438CC9B9161526B2B6D4D","C:\Users\peewe\OneDrive\Desktop\homeix\outputs\draft_paper_assets\fig_avg_leadtime_by_signal.png",".png","64975","False"
"EEF8CBD9D6BF8E9C0F4783A6862F1DF43982248D3D4DDA0147A3CB01DC0F1722","C:\Users\peewe\OneDrive\Desktop\homeix\outputs\draft_paper_assets\fig_price_and_fair_with_crash_starts.png",".png","163006","False"
"FE1277016F9055D6B0595F1A874F6F351F60394DE62F1C746EB95041174FC217","C:\Users\peewe\OneDrive\Desktop\homeix\outputs\draft_paper_assets\fig_price_and_fair_with_crisis_starts.png",".png","163616","False"
"83E856D90D814488BA9E21B086B9F2D78788C1D5DC49DEE827CA1A4CB621E064","C:\Users\peewe\OneDrive\Desktop\homeix\outputs\fair_assets\anim_fair_direction_of_flow.gif",".gif","1783940","False"
"55F40003EA23702BBE52299E4FDE8A321C5FC6D48CF72252BAEF799020CB37E1","C:\Users\peewe\OneDrive\Desktop\homeix\outputs\fair_assets\fig_fair_contributions.png",".png","210798","False"
"06B767948A98732EB8501C0333884AF742972E3141CC544A58AD70D2B9F0613D","C:\Users\peewe\OneDrive\Desktop\homeix\outputs\fair_assets\fig_fair_level.png",".png","159803","False"
"7F943B706E24D24A569D5D79B73F806F4761189EF7CF6E2A1468A0DA5F74DBC2","C:\Users\peewe\OneDrive\Desktop\homeix\outputs\figures\anim_fair_flow.gif",".gif","1880532","False"
"31BFF32E2FE325DE311598410E6BDC63FC1071514CD96719AB972F0E417EDB95","C:\Users\peewe\OneDrive\Desktop\homeix\outputs\figures\exhibit_1_turnover_cashshare_annual.png",".png","117739","False"
"FA97782D251EDC6AD82111CD5B5243A73EA3E6428EC598406243E264B311F553","C:\Users\peewe\OneDrive\Desktop\homeix\outputs\figures\exhibit_2a_transaction_levels_annual.png",".png","114879","False"
"C6CC98BE6082214EC92DEBACE64AF68CB964EB1F7E1066CF0DE811102DC0D5EC","C:\Users\peewe\OneDrive\Desktop\homeix\outputs\figures\exhibit_2b_transaction_mix_shares_annual.png",".png","75499","False"
"5DD9BE4B7D466DABD4D4AC829A9FE28927A0FC5D2B1716A730E9E2D6B9E2E7FE","C:\Users\peewe\OneDrive\Desktop\homeix\outputs\figures\exhibit_4_price_vs_turnover_index_annual.png",".png","106292","False"
"68BAC2811921CFD7D24222C951E3B121F1392FDCBCF2CC3FE20E143A57EB7312","C:\Users\peewe\OneDrive\Desktop\homeix\outputs\figures\fig_domain_mortgage_stock_gbp_bn.png",".png","61647","False"
"7AAE58BE3932A2A46B024F081078E6CD261B7339A3168EDBF7C6079AFE5FF7DE","C:\Users\peewe\OneDrive\Desktop\homeix\outputs\figures\fig_domain_turnover_pct_q.png",".png","110585","False"
"092CFB2A94A42FD1C53D1F9169AFF3BA6D424A6EC086BABB11829587BF228E50","C:\Users\peewe\OneDrive\Desktop\homeix\outputs\figures\fig_fair_contrib.png",".png","227008","False"
"9269595E1AD0D7AB255849CEA896F05EDDBCC2344A4B786EB8E741F21AD1B629","C:\Users\peewe\OneDrive\Desktop\homeix\outputs\figures\fig_fair_level.png",".png","167049","False"
"37B23A1DEF82E466297199039C56D525F40F4BE6281DBE4A00BDD4249B40B0EE","C:\Users\peewe\OneDrive\Desktop\homeix\publication\print_20260226_160410\fig_fair_contributions.png",".png","149544","False"
"951B10434B1252904BFA5DAE9C3619C2AA702F2F9FF9F0CA9ADF1257094386E9","C:\Users\peewe\OneDrive\Desktop\homeix\publication\print_20260226_160410\fig_fair_level.png",".png","76884","False"
"EA45ABFB810103F58B26B4730E6F12D99AEE4D7E64A09CF7AE7EEA616CA57750","C:\Users\peewe\OneDrive\Desktop\homeix\publication\print_20260226_201520\anim_fair_direction_of_flow.gif",".gif","1583614","False"
"D9D3561CECCD6317EFFE26DBB5F13ED20C54A03924F57EDCD0EE48E51E259E7A","C:\Users\peewe\OneDrive\Desktop\homeix\publication\print_20260226_201520\fig_domain_mortgage_stock_gbp_bn.png",".png","58981","False"
"923E2479DD61F5AB5EED164D1705570DF77B5BD4858FE2B417E47C6227572769","C:\Users\peewe\OneDrive\Desktop\homeix\publication\print_20260226_201520\fig_domain_turnover_pct_q.png",".png","103243","False"
"A78E1595824D43EAB35B72CF87D027B792A1ED99A1F3B967286BCC43849AD0DD","C:\Users\peewe\OneDrive\Desktop\homeix\publication\print_20260226_201520\fig_fair_contributions.png",".png","207517","False"
"B2E10F594225D8ABE74E4F9458553B20A90F75C2A146347C14A34EB274EAE6C1","C:\Users\peewe\OneDrive\Desktop\homeix\publication\print_20260226_201520\fig_fair_level.png",".png","155187","False"
"E92314B469DC3A962BD722A0D825623E1CDBA789193B203DBABEA0FCC5031B1E","C:\Users\peewe\OneDrive\Desktop\homeix\publication\print_20260226_201520\fig_price_and_fair_with_crash_starts.png",".png","148678","False"
"EA45ABFB810103F58B26B4730E6F12D99AEE4D7E64A09CF7AE7EEA616CA57750","C:\Users\peewe\OneDrive\Desktop\homeix\publication\print_20260226_203444\anim_fair_direction_of_flow.gif",".gif","1583614","False"
"D9D3561CECCD6317EFFE26DBB5F13ED20C54A03924F57EDCD0EE48E51E259E7A","C:\Users\peewe\OneDrive\Desktop\homeix\publication\print_20260226_203444\fig_domain_mortgage_stock_gbp_bn.png",".png","58981","False"
"923E2479DD61F5AB5EED164D1705570DF77B5BD4858FE2B417E47C6227572769","C:\Users\peewe\OneDrive\Desktop\homeix\publication\print_20260226_203444\fig_domain_turnover_pct_q.png",".png","103243","False"
"A78E1595824D43EAB35B72CF87D027B792A1ED99A1F3B967286BCC43849AD0DD","C:\Users\peewe\OneDrive\Desktop\homeix\publication\print_20260226_203444\fig_fair_contributions.png",".png","207517","False"
"B2E10F594225D8ABE74E4F9458553B20A90F75C2A146347C14A34EB274EAE6C1","C:\Users\peewe\OneDrive\Desktop\homeix\publication\print_20260226_203444\fig_fair_level.png",".png","155187","False"
"E92314B469DC3A962BD722A0D825623E1CDBA789193B203DBABEA0FCC5031B1E","C:\Users\peewe\OneDrive\Desktop\homeix\publication\print_20260226_203444\fig_price_and_fair_with_crash_starts.png",".png","148678","False"
"8079062060254A68E2410AE1E8603097E011B239D37A63A416E422CB877A842F","C:\Users\peewe\OneDrive\Desktop\homeix\publication\print_20260226_205052\anim_fair_direction_of_flow - Copy.gif",".gif","1655961","False"
"8079062060254A68E2410AE1E8603097E011B239D37A63A416E422CB877A842F","C:\Users\peewe\OneDrive\Desktop\homeix\publication\print_20260226_205052\anim_fair_direction_of_flow.gif",".gif","1655961","False"
"D9D3561CECCD6317EFFE26DBB5F13ED20C54A03924F57EDCD0EE48E51E259E7A","C:\Users\peewe\OneDrive\Desktop\homeix\publication\print_20260226_205052\fig_domain_mortgage_stock_gbp_bn - Copy.png",".png","58981","False"
"D9D3561CECCD6317EFFE26DBB5F13ED20C54A03924F57EDCD0EE48E51E259E7A","C:\Users\peewe\OneDrive\Desktop\homeix\publication\print_20260226_205052\fig_domain_mortgage_stock_gbp_bn.png",".png","58981","False"
"923E2479DD61F5AB5EED164D1705570DF77B5BD4858FE2B417E47C6227572769","C:\Users\peewe\OneDrive\Desktop\homeix\publication\print_20260226_205052\fig_domain_turnover_pct_q.png",".png","103243","False"
"02CD06A453F12E11BF4DB91C280692AC9D09DECA553FD0601440DE4B9835CEDE","C:\Users\peewe\OneDrive\Desktop\homeix\publication\print_20260226_205052\fig_fair_contributions.png",".png","209197","False"
"B8DE69098795A5A747F32FA84913E3C3B73E8C6DE91EC83BDBBFFD56F9150011","C:\Users\peewe\OneDrive\Desktop\homeix\publication\print_20260226_205052\fig_fair_level.png",".png","156747","False"
"2E6D73C2840F31ED867D4FF2293C3DEAEFDD94EA70DC3838C41B3D560CE5872E","C:\Users\peewe\OneDrive\Desktop\homeix\publication\print_20260226_205052\fig_price_and_fair_with_crash_starts.png",".png","153017","False"
"83E856D90D814488BA9E21B086B9F2D78788C1D5DC49DEE827CA1A4CB621E064","C:\Users\peewe\OneDrive\Desktop\homeix\publication\print_20260227_143541\anim_fair_direction_of_flow.gif",".gif","1783940","False"
"68BAC2811921CFD7D24222C951E3B121F1392FDCBCF2CC3FE20E143A57EB7312","C:\Users\peewe\OneDrive\Desktop\homeix\publication\print_20260227_143541\fig_domain_mortgage_stock_gbp_bn.png",".png","61647","False"
"7AAE58BE3932A2A46B024F081078E6CD261B7339A3168EDBF7C6079AFE5FF7DE","C:\Users\peewe\OneDrive\Desktop\homeix\publication\print_20260227_143541\fig_domain_turnover_pct_q.png",".png","110585","False"
"55F40003EA23702BBE52299E4FDE8A321C5FC6D48CF72252BAEF799020CB37E1","C:\Users\peewe\OneDrive\Desktop\homeix\publication\print_20260227_143541\fig_fair_contributions.png",".png","210798","False"
"06B767948A98732EB8501C0333884AF742972E3141CC544A58AD70D2B9F0613D","C:\Users\peewe\OneDrive\Desktop\homeix\publication\print_20260227_143541\fig_fair_level.png",".png","159803","False"
"EEF8CBD9D6BF8E9C0F4783A6862F1DF43982248D3D4DDA0147A3CB01DC0F1722","C:\Users\peewe\OneDrive\Desktop\homeix\publication\print_20260227_143541\fig_price_and_fair_with_crash_starts.png",".png","163006","False"
"EEF8CBD9D6BF8E9C0F4783A6862F1DF43982248D3D4DDA0147A3CB01DC0F1722","C:\Users\peewe\OneDrive\Desktop\homeix\publication\print_20260227_143541\assets\draft_paper_assets\fig_price_and_fair_with_crash_starts.png",".png","163006","False"
"83E856D90D814488BA9E21B086B9F2D78788C1D5DC49DEE827CA1A4CB621E064","C:\Users\peewe\OneDrive\Desktop\homeix\publication\print_20260227_143541\assets\fair_assets\anim_fair_direction_of_flow.gif",".gif","1783940","False"
"55F40003EA23702BBE52299E4FDE8A321C5FC6D48CF72252BAEF799020CB37E1","C:\Users\peewe\OneDrive\Desktop\homeix\publication\print_20260227_143541\assets\fair_assets\fig_fair_contributions.png",".png","210798","False"
"06B767948A98732EB8501C0333884AF742972E3141CC544A58AD70D2B9F0613D","C:\Users\peewe\OneDrive\Desktop\homeix\publication\print_20260227_143541\assets\fair_assets\fig_fair_level.png",".png","159803","False"
"7F943B706E24D24A569D5D79B73F806F4761189EF7CF6E2A1468A0DA5F74DBC2","C:\Users\peewe\OneDrive\Desktop\homeix\publication\print_20260227_143541\assets\figures\anim_fair_flow.gif",".gif","1880532","False"
"68BAC2811921CFD7D24222C951E3B121F1392FDCBCF2CC3FE20E143A57EB7312","C:\Users\peewe\OneDrive\Desktop\homeix\publication\print_20260227_143541\assets\figures\fig_domain_mortgage_stock_gbp_bn.png",".png","61647","False"
"7AAE58BE3932A2A46B024F081078E6CD261B7339A3168EDBF7C6079AFE5FF7DE","C:\Users\peewe\OneDrive\Desktop\homeix\publication\print_20260227_143541\assets\figures\fig_domain_turnover_pct_q.png",".png","110585","False"
"092CFB2A94A42FD1C53D1F9169AFF3BA6D424A6EC086BABB11829587BF228E50","C:\Users\peewe\OneDrive\Desktop\homeix\publication\print_20260227_143541\assets\figures\fig_fair_contrib.png",".png","227008","False"
"9269595E1AD0D7AB255849CEA896F05EDDBCC2344A4B786EB8E741F21AD1B629","C:\Users\peewe\OneDrive\Desktop\homeix\publication\print_20260227_143541\assets\figures\fig_fair_level.png",".png","167049","False"
"83E856D90D814488BA9E21B086B9F2D78788C1D5DC49DEE827CA1A4CB621E064","C:\Users\peewe\OneDrive\Desktop\homeix\publication\print_20260227_173047\anim_fair_direction_of_flow.gif",".gif","1783940","False"
"68BAC2811921CFD7D24222C951E3B121F1392FDCBCF2CC3FE20E143A57EB7312","C:\Users\peewe\OneDrive\Desktop\homeix\publication\print_20260227_173047\fig_domain_mortgage_stock_gbp_bn.png",".png","61647","False"
"7AAE58BE3932A2A46B024F081078E6CD261B7339A3168EDBF7C6079AFE5FF7DE","C:\Users\peewe\OneDrive\Desktop\homeix\publication\print_20260227_173047\fig_domain_turnover_pct_q.png",".png","110585","False"
"55F40003EA23702BBE52299E4FDE8A321C5FC6D48CF72252BAEF799020CB37E1","C:\Users\peewe\OneDrive\Desktop\homeix\publication\print_20260227_173047\fig_fair_contributions.png",".png","210798","False"
"06B767948A98732EB8501C0333884AF742972E3141CC544A58AD70D2B9F0613D","C:\Users\peewe\OneDrive\Desktop\homeix\publication\print_20260227_173047\fig_fair_level.png",".png","159803","False"
"EEF8CBD9D6BF8E9C0F4783A6862F1DF43982248D3D4DDA0147A3CB01DC0F1722","C:\Users\peewe\OneDrive\Desktop\homeix\publication\print_20260227_173047\fig_price_and_fair_with_crash_starts.png",".png","163006","False"
"EEF8CBD9D6BF8E9C0F4783A6862F1DF43982248D3D4DDA0147A3CB01DC0F1722","C:\Users\peewe\OneDrive\Desktop\homeix\publication\print_20260227_173047\assets\draft_paper_assets\fig_price_and_fair_with_crash_starts.png",".png","163006","False"
"83E856D90D814488BA9E21B086B9F2D78788C1D5DC49DEE827CA1A4CB621E064","C:\Users\peewe\OneDrive\Desktop\homeix\publication\print_20260227_173047\assets\fair_assets\anim_fair_direction_of_flow.gif",".gif","1783940","False"
"55F40003EA23702BBE52299E4FDE8A321C5FC6D48CF72252BAEF799020CB37E1","C:\Users\peewe\OneDrive\Desktop\homeix\publication\print_20260227_173047\assets\fair_assets\fig_fair_contributions.png",".png","210798","False"
"06B767948A98732EB8501C0333884AF742972E3141CC544A58AD70D2B9F0613D","C:\Users\peewe\OneDrive\Desktop\homeix\publication\print_20260227_173047\assets\fair_assets\fig_fair_level.png",".png","159803","False"
"7F943B706E24D24A569D5D79B73F806F4761189EF7CF6E2A1468A0DA5F74DBC2","C:\Users\peewe\OneDrive\Desktop\homeix\publication\print_20260227_173047\assets\figures\anim_fair_flow.gif",".gif","1880532","False"
"68BAC2811921CFD7D24222C951E3B121F1392FDCBCF2CC3FE20E143A57EB7312","C:\Users\peewe\OneDrive\Desktop\homeix\publication\print_20260227_173047\assets\figures\fig_domain_mortgage_stock_gbp_bn.png",".png","61647","False"
"7AAE58BE3932A2A46B024F081078E6CD261B7339A3168EDBF7C6079AFE5FF7DE","C:\Users\peewe\OneDrive\Desktop\homeix\publication\print_20260227_173047\assets\figures\fig_domain_turnover_pct_q.png",".png","110585","False"
"092CFB2A94A42FD1C53D1F9169AFF3BA6D424A6EC086BABB11829587BF228E50","C:\Users\peewe\OneDrive\Desktop\homeix\publication\print_20260227_173047\assets\figures\fig_fair_contrib.png",".png","227008","False"
"9269595E1AD0D7AB255849CEA896F05EDDBCC2344A4B786EB8E741F21AD1B629","C:\Users\peewe\OneDrive\Desktop\homeix\publication\print_20260227_173047\assets\figures\fig_fair_level.png",".png","167049","False"
"EEF8CBD9D6BF8E9C0F4783A6862F1DF43982248D3D4DDA0147A3CB01DC0F1722","C:\Users\peewe\OneDrive\Desktop\homeix\publication\print_20260227_173047\outputs\draft_paper_assets\fig_price_and_fair_with_crash_starts.png",".png","163006","False"
"83E856D90D814488BA9E21B086B9F2D78788C1D5DC49DEE827CA1A4CB621E064","C:\Users\peewe\OneDrive\Desktop\homeix\publication\print_20260227_173047\outputs\fair_assets\anim_fair_direction_of_flow.gif",".gif","1783940","False"
"55F40003EA23702BBE52299E4FDE8A321C5FC6D48CF72252BAEF799020CB37E1","C:\Users\peewe\OneDrive\Desktop\homeix\publication\print_20260227_173047\outputs\fair_assets\fig_fair_contributions.png",".png","210798","False"
"06B767948A98732EB8501C0333884AF742972E3141CC544A58AD70D2B9F0613D","C:\Users\peewe\OneDrive\Desktop\homeix\publication\print_20260227_173047\outputs\fair_assets\fig_fair_level.png",".png","159803","False"
"7F943B706E24D24A569D5D79B73F806F4761189EF7CF6E2A1468A0DA5F74DBC2","C:\Users\peewe\OneDrive\Desktop\homeix\publication\print_20260227_173047\outputs\figures\anim_fair_flow.gif",".gif","1880532","False"
"68BAC2811921CFD7D24222C951E3B121F1392FDCBCF2CC3FE20E143A57EB7312","C:\Users\peewe\OneDrive\Desktop\homeix\publication\print_20260227_173047\outputs\figures\fig_domain_mortgage_stock_gbp_bn.png",".png","61647","False"
"7AAE58BE3932A2A46B024F081078E6CD261B7339A3168EDBF7C6079AFE5FF7DE","C:\Users\peewe\OneDrive\Desktop\homeix\publication\print_20260227_173047\outputs\figures\fig_domain_turnover_pct_q.png",".png","110585","False"
"092CFB2A94A42FD1C53D1F9169AFF3BA6D424A6EC086BABB11829587BF228E50","C:\Users\peewe\OneDrive\Desktop\homeix\publication\print_20260227_173047\outputs\figures\fig_fair_contrib.png",".png","227008","False"
"9269595E1AD0D7AB255849CEA896F05EDDBCC2344A4B786EB8E741F21AD1B629","C:\Users\peewe\OneDrive\Desktop\homeix\publication\print_20260227_173047\outputs\figures\fig_fair_level.png",".png","167049","False"
"7A248090B2EABE312F2AC4926609D202175870116ABC5643FAB9BD0C8A5960D9","C:\Users\peewe\OneDrive\Desktop\homeix\publication\print_20260228_105921\assets\branding\Final-Logo-white.png",".png","81642","False"
"E08C42F9F68FFD8A5CB1E8F2947A4A27070F028CECBE83DC4986CA6D70254C43","C:\Users\peewe\OneDrive\Desktop\homeix\publication\print_20260228_105921\assets\branding\Final-Logo.png",".png","94714","False"
"F93A52B9FD28CB330B37F7EF69B527321E973EE391C36E9D550736D1E718554D","C:\Users\peewe\OneDrive\Desktop\homeix\publication\print_20260228_105921\assets\branding\Final-logomark.png",".png","40947","False"
"83E856D90D814488BA9E21B086B9F2D78788C1D5DC49DEE827CA1A4CB621E064","C:\Users\peewe\OneDrive\Desktop\homeix\publication\print_20260228_105921\assets\fair_assets\anim_fair_direction_of_flow.gif",".gif","1783940","False"
"EAB74FDF54B84B17A99F22FC0908D5FEC1C4DFE415800A73FAC1124D40C3B92F","C:\Users\peewe\OneDrive\Desktop\homeix\publication\print_20260228_105921\figures\england_wales_cash_share_quarterly.png",".png","145873","False"
"31BFF32E2FE325DE311598410E6BDC63FC1071514CD96719AB972F0E417EDB95","C:\Users\peewe\OneDrive\Desktop\homeix\publication\print_20260228_105921\figures\exhibit_1_turnover_cashshare_annual.png",".png","117739","False"
"FA97782D251EDC6AD82111CD5B5243A73EA3E6428EC598406243E264B311F553","C:\Users\peewe\OneDrive\Desktop\homeix\publication\print_20260228_105921\figures\exhibit_2a_transaction_levels_annual.png",".png","114879","False"
"C6CC98BE6082214EC92DEBACE64AF68CB964EB1F7E1066CF0DE811102DC0D5EC","C:\Users\peewe\OneDrive\Desktop\homeix\publication\print_20260228_105921\figures\exhibit_2b_transaction_mix_shares_annual.png",".png","75499","False"
"5DD9BE4B7D466DABD4D4AC829A9FE28927A0FC5D2B1716A730E9E2D6B9E2E7FE","C:\Users\peewe\OneDrive\Desktop\homeix\publication\print_20260228_105921\figures\exhibit_4_price_vs_turnover_index_annual.png",".png","106292","False"
"B6CE81DBCFF18698289F84AFC5937AAE22521255DCF438CC9B9161526B2B6D4D","C:\Users\peewe\OneDrive\Desktop\homeix\publication\print_20260228_105921\figures\fig_avg_leadtime_by_signal.png",".png","64975","False"
"68BAC2811921CFD7D24222C951E3B121F1392FDCBCF2CC3FE20E143A57EB7312","C:\Users\peewe\OneDrive\Desktop\homeix\publication\print_20260228_105921\figures\fig_domain_mortgage_stock_gbp_bn.png",".png","61647","False"
"7AAE58BE3932A2A46B024F081078E6CD261B7339A3168EDBF7C6079AFE5FF7DE","C:\Users\peewe\OneDrive\Desktop\homeix\publication\print_20260228_105921\figures\fig_domain_turnover_pct_q.png",".png","110585","False"
"092CFB2A94A42FD1C53D1F9169AFF3BA6D424A6EC086BABB11829587BF228E50","C:\Users\peewe\OneDrive\Desktop\homeix\publication\print_20260228_105921\figures\fig_fair_contrib.png",".png","227008","False"
"092CFB2A94A42FD1C53D1F9169AFF3BA6D424A6EC086BABB11829587BF228E50","C:\Users\peewe\OneDrive\Desktop\homeix\publication\print_20260228_105921\figures\fig_fair_contributions.png",".png","227008","False"
"9269595E1AD0D7AB255849CEA896F05EDDBCC2344A4B786EB8E741F21AD1B629","C:\Users\peewe\OneDrive\Desktop\homeix\publication\print_20260228_105921\figures\fig_fair_level.png",".png","167049","False"
"EEF8CBD9D6BF8E9C0F4783A6862F1DF43982248D3D4DDA0147A3CB01DC0F1722","C:\Users\peewe\OneDrive\Desktop\homeix\publication\print_20260228_105921\figures\fig_price_and_fair_with_crash_starts.png",".png","163006","False"
"B49EF5668785105DBC10BFF0FA0848799A44226C4B1AC9EE7C9FA9FC8BCE27A2","C:\Users\peewe\OneDrive\Desktop\homeix\publication\print_20260228_105921\sources\raw_pdfs\Affordable Housing Accounting Identity - Monica AI Chat.pdf",".pdf","439883","False"
"F2609E4E374C05F8ECACBFE9A480BF2504610542B5297CC91F4E0D3FFE38D7EE","C:\Users\peewe\OneDrive\Desktop\homeix\publication\print_20260228_105921\sources\raw_pdfs\Affordable Housing Analysis Key Concepts - Monica AI Chat.pdf",".pdf","523942","False"
"386220A482C83EAD69635163571DB7B713BB5118E44AAE6BE065EF54160F2215","C:\Users\peewe\OneDrive\Desktop\homeix\publication\print_20260228_105921\sources\raw_pdfs\Affordable Housing Market and Demand Concepts - Monica AI Chat.pdf",".pdf","441433","False"
"5B0D5930D53ADEAF45869EF5E76CAF8FE44A8A50EB5977DCA35E2A22AF8C4F2B","C:\Users\peewe\OneDrive\Desktop\homeix\publication\print_20260228_105921\sources\raw_pdfs\Affordable Housing OPUS, The Home@ix Formula (1).pdf",".pdf","776198","False"
"8AE2DB47394EF08F55F993089216F92D0F09D7C795E210ACF13F2762DDCEC48C","C:\Users\peewe\OneDrive\Desktop\homeix\publication\print_20260228_105921\sources\raw_pdfs\barker_review_report_494.pdf",".pdf","505831","False"
"37582BE28F7D7172B83198AA4795E282D4690265939B824E24616FF79721D739","C:\Users\peewe\OneDrive\Desktop\homeix\publication\print_20260228_105921\sources\raw_pdfs\basl?e 3 BIS.pdf",".pdf","226631","False"
"8A02881B72E4CA33D5E41F851DAC8B647A799BB84F64EF1A128A78A54E6CD94A","C:\Users\peewe\OneDrive\Desktop\homeix\publication\print_20260228_105921\sources\raw_pdfs\copenhagen-economics_impact-of-the-final-basel-iii-framework-in-sweden.pdf",".pdf","2130721","False"
"EA409ED6BD9F880D25F56BB6E6182499B3A76299C2185A257365652778B09FED","C:\Users\peewe\OneDrive\Desktop\homeix\publication\print_20260228_105921\sources\raw_pdfs\Creating Sustainable Affordable Homes_ Formula and Proof for New Carbon Credit Offsets - Monica AI Chat.pdf",".pdf","1605200","False"
"3558D057AB720A5BA14E66649B7E0BF5D97F7CAFC92C3A14ACE47ECF175811F5","C:\Users\peewe\OneDrive\Desktop\homeix\publication\print_20260228_105921\sources\raw_pdfs\Disrupt-a-Broken-Industry-The-Industrial-Construction-Sandbox-1 (1) (1) (2).pdf",".pdf","707530","False"
"5C0B1BA20D224AE718DCE75E8F7698DAACC777D077F52FD8932565400F486ED6","C:\Users\peewe\OneDrive\Desktop\homeix\publication\print_20260228_105921\sources\raw_pdfs\Financialisation of Housing Production.pdf",".pdf","993282","False"
"1CDF4A5BE5EE8C3FDC1302BB756EC56710983D32EEA3318CB22776923C084928","C:\Users\peewe\OneDrive\Desktop\homeix\publication\print_20260228_105921\sources\raw_pdfs\Framing The Housing Crisis Foye..pdf",".pdf","2991472","False"
"F3F4E0ADB367DAB0C0727379243BAB01A7C5657763C1D005C51D9FB7BEC3083B","C:\Users\peewe\OneDrive\Desktop\homeix\publication\print_20260228_105921\sources\raw_pdfs\Full Document Home@ix Housing research 27th July draft 3 (1).pdf",".pdf","3743599","False"
"1A84471D2541F2121B3544CD02E0BCBB2EC7AF488AC3298DA368185497FE3040","C:\Users\peewe\OneDrive\Desktop\homeix\publication\print_20260228_105921\sources\raw_pdfs\Geoffrey Meen_ Christine Whitehead - Understanding Affordability_ The Economics of Housing Markets-Bristol University Press (2020).pdf",".pdf","40302249","False"
"8A5B0974B59E16970CAA82861524596F10789D52D63D3490178C6606108FB430","C:\Users\peewe\OneDrive\Desktop\homeix\publication\print_20260228_105921\sources\raw_pdfs\Home@ix Affordable Homes, A Framework of Understanding. (8).pdf",".pdf","6908810","False"
"F7ED5B21E443DF35CF69D20B99A490F6A2EBB55DC5AD42CF3ACA0BE2A0C93042","C:\Users\peewe\OneDrive\Desktop\homeix\publication\print_20260228_105921\sources\raw_pdfs\Home@ix Bumper Sticker (3) (1).pdf",".pdf","2373900","False"
"104436D2F95F8A70DC77CF5D784227741B654BC68C54CF02AD52AB3E8BC22A97","C:\Users\peewe\OneDrive\Desktop\homeix\publication\print_20260228_105921\sources\raw_pdfs\Home@ix Ltd business plan .pdf",".pdf","2165599","False"
"A33554923412F24C03E7C7DFB9CFF65836EFF78B822C24FFF2A0D361C65EE704","C:\Users\peewe\OneDrive\Desktop\homeix\publication\print_20260228_105921\sources\raw_pdfs\Mathematical Proof for HomeMaker Effective Demand - Monica AI Chat.pdf",".pdf","1312027","False"
"11AAA6C4FE367C09F69052B4C8193395C021F0561C1049164D8714F9CA980FDD","C:\Users\peewe\OneDrive\Desktop\homeix\publication\print_20260228_105921\sources\raw_pdfs\Mathematical Proof for Updated Home@ix Formula - Monica AI Chat.pdf",".pdf","2408554","False"
"3B9D09C3F08E80F5A96C82F4683A42810804FFCAAE58F21D5455D93D941206ED","C:\Users\peewe\OneDrive\Desktop\homeix\publication\print_20260228_105921\sources\raw_pdfs\mortgage-lending-and-the-housing-market (3).pdf",".pdf","2620134","False"
"FC382A03D8614B22A5D3E2B4DB4BC2E36FE257F1EE680B1BC3BBCED55CDD2EBB","C:\Users\peewe\OneDrive\Desktop\homeix\publication\print_20260228_105921\sources\raw_pdfs\Mulheirn 2019 20190820b-CaCHE-Housing-Supply-FINAL (1).pdf",".pdf","483344","False"
"06421C11DEBFC3EB4D978FD7F3BE85533C95BA3FC3690585149293F686184D81","C:\Users\peewe\OneDrive\Desktop\homeix\publication\print_20260228_105921\sources\raw_pdfs\Myths, Lies and Oil Wars - Engdahl, F. William.pdf",".pdf","4034131","False"
"0EB48E71A725F448F702A2788A89452D8236D6C7F2D2FEC55CD6F7ACB85E73C4","C:\Users\peewe\OneDrive\Desktop\homeix\publication\print_20260228_105921\sources\raw_pdfs\publications_parliament_uk_pa_cm201011_cmselect_cmtreasy_mem (1).pdf",".pdf","93018","False"
"4E95D4EEBF6D043149EBB27FC57CE7B26A3A902D4F0F3409E73A734127366CAD","C:\Users\peewe\OneDrive\Desktop\homeix\publication\print_20260228_105921\sources\raw_pdfs\Rethinking Money - Bernard Lietaer; Dunne, Jacqui.pdf",".pdf","4397500","False"
"1B42281AF0F4BB57AF64A082F2B7157E6555D717770468C6FFBE2346A946582E","C:\Users\peewe\OneDrive\Desktop\homeix\publication\print_20260228_105921\sources\raw_pdfs\Richborough Estates and LPDF - a new normal for housebuilding (3) (2) (1) (1).pdf",".pdf","694442","False"
"EF698047A4BFCF725F887A2A1FC35419E5CD8DA75DD029AFD95C0DD6448A2257","C:\Users\peewe\OneDrive\Desktop\homeix\publication\print_20260228_105921\sources\raw_pdfs\Shiller, Robert J - Irrational Exuberance 3rd edition-Princeton University Press (2015).pdf",".pdf","7089545","False"
"8C53A018A9AD1052E976DA64E3E469D8F28F442008185191C8139E5B076435DD","C:\Users\peewe\OneDrive\Desktop\homeix\publication\print_20260228_105921\sources\raw_pdfs\SocialRentHousingatPacePlaybook_May24 (1).pdf",".pdf","6479245","False"
"5F2486351A5CF90B1BB48041EF04422CDCAB7D8F6898639EEE9EB4CE0A9BB6A4","C:\Users\peewe\OneDrive\Desktop\homeix\publication\print_20260228_105921\sources\raw_pdfs\ten-steps-to-affordable-housing-the-new-circuit-of-credit.pdf",".pdf","508457","False"
"7ED555A64E58F16941690552370C36ED0C0D6765B69219370D2B77F675BEBE82","C:\Users\peewe\OneDrive\Desktop\homeix\publication\print_20260228_105921\sources\raw_pdfs\The Ending of the Long Monetary Expansion Cycle and a Brave new world of Housing Realism (4).pdf",".pdf","432779","False"
"19556274D0ECED5A4AE572A32FD28B8501800800CD291BB85CA1025118F45FC2","C:\Users\peewe\OneDrive\Desktop\homeix\publication\print_20260228_105921\sources\raw_pdfs\The Scheme for Housing Abundance - Monica AI Chat.pdf",".pdf","15328056","False"
"CABA31710E29B10D8B3712EAD10EE9DF59702FF5350E0771742952094289FEAF","C:\Users\peewe\OneDrive\Desktop\homeix\publication\print_20260228_105921\sources\raw_pdfs\The-Housing-Stock-of-the-United-Kingdom_Report_BRE-Trust (1).pdf",".pdf","5532632","False"
"390300D09634AA5BF947F4B2876239A578B5587735F8DAC66A7DCC1311F9378B","C:\Users\peewe\OneDrive\Desktop\homeix\publication\print_20260228_105921\sources\raw_pdfs\Thinking-outside-the-box-Exploring-innovations-in-affordable-home-ownership-Final-for-publication-11.11.20 (2) (1).pdf",".pdf","1033408","False"
"0ADC3DBE10F586C4AADBF186EF0EDF81BF56B751128C7A9E57AE77D3F6B89A15","C:\Users\peewe\OneDrive\Desktop\homeix\publication\print_20260228_105921\sources\raw_pdfs\www_economicsnetwork_ac_uk_archive_starkey_banking2 (2).pdf",".pdf","1266721","False"
"5127F72825B4BF269EEB31A4C333DE1AD745C7EC0AE1EFC6D9EFA89A47BC8C93","C:\Users\peewe\OneDrive\Desktop\homeix\publication\print_20260228_105921\sources\raw_pdfs\www_linkedin_com_pulse_data_has_caught_up_plain_english_comm (1).pdf",".pdf","4361279","False"
"7E734D79CDB3855F3CCD1117AC7DBE0D82AC4568BB4A1E5757EDC1D01B8969AD","C:\Users\peewe\OneDrive\Desktop\homeix\publication\print_20260228_105921\sources\raw_pdfs\www_linkedin_com_pulse_housing_credit_broad_money_real_econo (1).pdf",".pdf","3702527","False"
"525C6E8A7920766A4CFB8E8200B9AD2A3FB107331BB5D4B1FB4E187393485CB7","C:\Users\peewe\OneDrive\Desktop\homeix\publication\print_20260228_105921\sources\raw_pdfs\www_linkedin_com_pulse_title_when_housing_market_freezes_wha (1).pdf",".pdf","3980381","False"
"EAB74FDF54B84B17A99F22FC0908D5FEC1C4DFE415800A73FAC1124D40C3B92F","C:\Users\peewe\OneDrive\Desktop\homeix\publication\print_20260301_075129\figures\england_wales_cash_share_quarterly.png",".png","145873","False"
"EAB74FDF54B84B17A99F22FC0908D5FEC1C4DFE415800A73FAC1124D40C3B92F","C:\Users\peewe\OneDrive\Desktop\homeix\publication\print_20260301_094520\figures\england_wales_cash_share_quarterly.png",".png","145873","False"
"899922D7743116601B0F64BE645569768DBAE65E72D5063629CEDC495678D418","C:\Users\peewe\OneDrive\Desktop\homeix\publication\print_20260301_094520\figures\exhibit_1_turnover_cashshare_annual.png",".png","119220","False"
"71FA1D80641C88BB095EA42A77EB836815895310DF15020820C35116AE153253","C:\Users\peewe\OneDrive\Desktop\homeix\publication\print_20260301_094520\figures\exhibit_2a_transaction_levels_annual.png",".png","115814","False"
"BB8E7B0A8B0937F69B4505495F06C9E30C9A2E4AA9B7EEBAB04342F09926ABD6","C:\Users\peewe\OneDrive\Desktop\homeix\publication\print_20260301_094520\figures\exhibit_2b_transaction_mix_shares_annual.png",".png","76749","False"
"79C947F126E6E35B5750BA15DE9C7DEBAD0BA331FB84916BE2B889E32E70C28D","C:\Users\peewe\OneDrive\Desktop\homeix\publication\print_20260301_094520\figures\exhibit_3_mortgage_composition_annual.png",".png","87576","False"
"72BE25E146F3E72215ACCA2BB0D5D6205843A8FC055B1F107A6D3DB1BE2A78BD","C:\Users\peewe\OneDrive\Desktop\homeix\publication\print_20260301_094520\figures\exhibit_4_price_vs_turnover_index_annual.png",".png","107554","False"
"EAB74FDF54B84B17A99F22FC0908D5FEC1C4DFE415800A73FAC1124D40C3B92F","C:\Users\peewe\OneDrive\Desktop\homeix\publication\print_20260301_100031\figures\england_wales_cash_share_quarterly.png",".png","145873","False"
"899922D7743116601B0F64BE645569768DBAE65E72D5063629CEDC495678D418","C:\Users\peewe\OneDrive\Desktop\homeix\publication\print_20260301_100031\figures\exhibit_1_turnover_cashshare_annual.png",".png","119220","False"
"71FA1D80641C88BB095EA42A77EB836815895310DF15020820C35116AE153253","C:\Users\peewe\OneDrive\Desktop\homeix\publication\print_20260301_100031\figures\exhibit_2a_transaction_levels_annual.png",".png","115814","False"
"BB8E7B0A8B0937F69B4505495F06C9E30C9A2E4AA9B7EEBAB04342F09926ABD6","C:\Users\peewe\OneDrive\Desktop\homeix\publication\print_20260301_100031\figures\exhibit_2b_transaction_mix_shares_annual.png",".png","76749","False"
"79C947F126E6E35B5750BA15DE9C7DEBAD0BA331FB84916BE2B889E32E70C28D","C:\Users\peewe\OneDrive\Desktop\homeix\publication\print_20260301_100031\figures\exhibit_3_mortgage_composition_annual.png",".png","87576","False"
"72BE25E146F3E72215ACCA2BB0D5D6205843A8FC055B1F107A6D3DB1BE2A78BD","C:\Users\peewe\OneDrive\Desktop\homeix\publication\print_20260301_100031\figures\exhibit_4_price_vs_turnover_index_annual.png",".png","107554","False"
"B6CE81DBCFF18698289F84AFC5937AAE22521255DCF438CC9B9161526B2B6D4D","C:\Users\peewe\OneDrive\Desktop\homeix\publication\print_20260301_100031\outputs\draft_paper_assets\fig_avg_leadtime_by_signal.png",".png","64975","False"
"EEF8CBD9D6BF8E9C0F4783A6862F1DF43982248D3D4DDA0147A3CB01DC0F1722","C:\Users\peewe\OneDrive\Desktop\homeix\publication\print_20260301_100031\outputs\draft_paper_assets\fig_price_and_fair_with_crash_starts.png",".png","163006","False"
"FE1277016F9055D6B0595F1A874F6F351F60394DE62F1C746EB95041174FC217","C:\Users\peewe\OneDrive\Desktop\homeix\publication\print_20260301_100031\outputs\draft_paper_assets\fig_price_and_fair_with_crisis_starts.png",".png","163616","False"
"83E856D90D814488BA9E21B086B9F2D78788C1D5DC49DEE827CA1A4CB621E064","C:\Users\peewe\OneDrive\Desktop\homeix\publication\print_20260301_100031\outputs\fair_assets\anim_fair_direction_of_flow.gif",".gif","1783940","False"
"55F40003EA23702BBE52299E4FDE8A321C5FC6D48CF72252BAEF799020CB37E1","C:\Users\peewe\OneDrive\Desktop\homeix\publication\print_20260301_100031\outputs\fair_assets\fig_fair_contributions.png",".png","210798","False"
"06B767948A98732EB8501C0333884AF742972E3141CC544A58AD70D2B9F0613D","C:\Users\peewe\OneDrive\Desktop\homeix\publication\print_20260301_100031\outputs\fair_assets\fig_fair_level.png",".png","159803","False"
"7F943B706E24D24A569D5D79B73F806F4761189EF7CF6E2A1468A0DA5F74DBC2","C:\Users\peewe\OneDrive\Desktop\homeix\publication\print_20260301_100031\outputs\figures\anim_fair_flow.gif",".gif","1880532","False"
"31BFF32E2FE325DE311598410E6BDC63FC1071514CD96719AB972F0E417EDB95","C:\Users\peewe\OneDrive\Desktop\homeix\publication\print_20260301_100031\outputs\figures\exhibit_1_turnover_cashshare_annual.png",".png","117739","False"
"FA97782D251EDC6AD82111CD5B5243A73EA3E6428EC598406243E264B311F553","C:\Users\peewe\OneDrive\Desktop\homeix\publication\print_20260301_100031\outputs\figures\exhibit_2a_transaction_levels_annual.png",".png","114879","False"
"C6CC98BE6082214EC92DEBACE64AF68CB964EB1F7E1066CF0DE811102DC0D5EC","C:\Users\peewe\OneDrive\Desktop\homeix\publication\print_20260301_100031\outputs\figures\exhibit_2b_transaction_mix_shares_annual.png",".png","75499","False"
"5DD9BE4B7D466DABD4D4AC829A9FE28927A0FC5D2B1716A730E9E2D6B9E2E7FE","C:\Users\peewe\OneDrive\Desktop\homeix\publication\print_20260301_100031\outputs\figures\exhibit_4_price_vs_turnover_index_annual.png",".png","106292","False"
"68BAC2811921CFD7D24222C951E3B121F1392FDCBCF2CC3FE20E143A57EB7312","C:\Users\peewe\OneDrive\Desktop\homeix\publication\print_20260301_100031\outputs\figures\fig_domain_mortgage_stock_gbp_bn.png",".png","61647","False"
"7AAE58BE3932A2A46B024F081078E6CD261B7339A3168EDBF7C6079AFE5FF7DE","C:\Users\peewe\OneDrive\Desktop\homeix\publication\print_20260301_100031\outputs\figures\fig_domain_turnover_pct_q.png",".png","110585","False"
"092CFB2A94A42FD1C53D1F9169AFF3BA6D424A6EC086BABB11829587BF228E50","C:\Users\peewe\OneDrive\Desktop\homeix\publication\print_20260301_100031\outputs\figures\fig_fair_contrib.png",".png","227008","False"
"9269595E1AD0D7AB255849CEA896F05EDDBCC2344A4B786EB8E741F21AD1B629","C:\Users\peewe\OneDrive\Desktop\homeix\publication\print_20260301_100031\outputs\figures\fig_fair_level.png",".png","167049","False"
"D4BC0AEFF099B37F605FF879CA49CB5B6D4A1B236F7239F5CF99003ED411F321","C:\Users\peewe\OneDrive\Desktop\homeix\publication\print_20260301_100417\figures\england_wales_cash_share_quarterly.png",".png","152042","True"
"50B1E80C2E57A84682251A28744D975C7BEA240759D34B4A72157B6BE14ECBFF","C:\Users\peewe\OneDrive\Desktop\homeix\publication\print_20260301_100417\figures\exhibit_1_turnover_cashshare_annual.png",".png","125865","True"
"38C5FEA2D3EA7E8563BE830526D6DFE08FDF47E4DBA849327A2D118230102293","C:\Users\peewe\OneDrive\Desktop\homeix\publication\print_20260301_100417\figures\exhibit_2a_transaction_levels_annual.png",".png","122966","True"
"6477793C21F311283BA60EB5E18893914A23FCC459B552CA06AB06A038B2B534","C:\Users\peewe\OneDrive\Desktop\homeix\publication\print_20260301_100417\figures\exhibit_2b_transaction_mix_shares_annual.png",".png","84325","True"
"5B1DAA1CEB616DB3D99238B6840CDC69C786B9DFBB0F0CCCD28ECD70C13FC90B","C:\Users\peewe\OneDrive\Desktop\homeix\publication\print_20260301_100417\figures\exhibit_3_mortgage_composition_annual.png",".png","94714","True"
"0B91945D3C0082A82CD4EEF635FE4B88E22DB1CE14272AA01F1E09B9CE433A6F","C:\Users\peewe\OneDrive\Desktop\homeix\publication\print_20260301_100417\figures\exhibit_4_price_vs_turnover_index_annual.png",".png","114972","True"
"B6CE81DBCFF18698289F84AFC5937AAE22521255DCF438CC9B9161526B2B6D4D","C:\Users\peewe\OneDrive\Desktop\homeix\publication\print_20260301_100417\outputs\draft_paper_assets\fig_avg_leadtime_by_signal.png",".png","64975","True"
"EEF8CBD9D6BF8E9C0F4783A6862F1DF43982248D3D4DDA0147A3CB01DC0F1722","C:\Users\peewe\OneDrive\Desktop\homeix\publication\print_20260301_100417\outputs\draft_paper_assets\fig_price_and_fair_with_crash_starts.png",".png","163006","True"
"FE1277016F9055D6B0595F1A874F6F351F60394DE62F1C746EB95041174FC217","C:\Users\peewe\OneDrive\Desktop\homeix\publication\print_20260301_100417\outputs\draft_paper_assets\fig_price_and_fair_with_crisis_starts.png",".png","163616","True"
"83E856D90D814488BA9E21B086B9F2D78788C1D5DC49DEE827CA1A4CB621E064","C:\Users\peewe\OneDrive\Desktop\homeix\publication\print_20260301_100417\outputs\fair_assets\anim_fair_direction_of_flow.gif",".gif","1783940","True"
"55F40003EA23702BBE52299E4FDE8A321C5FC6D48CF72252BAEF799020CB37E1","C:\Users\peewe\OneDrive\Desktop\homeix\publication\print_20260301_100417\outputs\fair_assets\fig_fair_contributions.png",".png","210798","True"
"06B767948A98732EB8501C0333884AF742972E3141CC544A58AD70D2B9F0613D","C:\Users\peewe\OneDrive\Desktop\homeix\publication\print_20260301_100417\outputs\fair_assets\fig_fair_level.png",".png","159803","True"
"7F943B706E24D24A569D5D79B73F806F4761189EF7CF6E2A1468A0DA5F74DBC2","C:\Users\peewe\OneDrive\Desktop\homeix\publication\print_20260301_100417\outputs\figures\anim_fair_flow.gif",".gif","1880532","True"
"31BFF32E2FE325DE311598410E6BDC63FC1071514CD96719AB972F0E417EDB95","C:\Users\peewe\OneDrive\Desktop\homeix\publication\print_20260301_100417\outputs\figures\exhibit_1_turnover_cashshare_annual.png",".png","117739","True"
"FA97782D251EDC6AD82111CD5B5243A73EA3E6428EC598406243E264B311F553","C:\Users\peewe\OneDrive\Desktop\homeix\publication\print_20260301_100417\outputs\figures\exhibit_2a_transaction_levels_annual.png",".png","114879","True"
"C6CC98BE6082214EC92DEBACE64AF68CB964EB1F7E1066CF0DE811102DC0D5EC","C:\Users\peewe\OneDrive\Desktop\homeix\publication\print_20260301_100417\outputs\figures\exhibit_2b_transaction_mix_shares_annual.png",".png","75499","True"
"5DD9BE4B7D466DABD4D4AC829A9FE28927A0FC5D2B1716A730E9E2D6B9E2E7FE","C:\Users\peewe\OneDrive\Desktop\homeix\publication\print_20260301_100417\outputs\figures\exhibit_4_price_vs_turnover_index_annual.png",".png","106292","True"
"68BAC2811921CFD7D24222C951E3B121F1392FDCBCF2CC3FE20E143A57EB7312","C:\Users\peewe\OneDrive\Desktop\homeix\publication\print_20260301_100417\outputs\figures\fig_domain_mortgage_stock_gbp_bn.png",".png","61647","True"
"7AAE58BE3932A2A46B024F081078E6CD261B7339A3168EDBF7C6079AFE5FF7DE","C:\Users\peewe\OneDrive\Desktop\homeix\publication\print_20260301_100417\outputs\figures\fig_domain_turnover_pct_q.png",".png","110585","True"
"092CFB2A94A42FD1C53D1F9169AFF3BA6D424A6EC086BABB11829587BF228E50","C:\Users\peewe\OneDrive\Desktop\homeix\publication\print_20260301_100417\outputs\figures\fig_fair_contrib.png",".png","227008","True"
"9269595E1AD0D7AB255849CEA896F05EDDBCC2344A4B786EB8E741F21AD1B629","C:\Users\peewe\OneDrive\Desktop\homeix\publication\print_20260301_100417\outputs\figures\fig_fair_level.png",".png","167049","True"
"37582BE28F7D7172B83198AA4795E282D4690265939B824E24616FF79721D739","C:\Users\peewe\OneDrive\Desktop\homeix\sweep_up\inbox\basl?e 3 BIS.pdf",".pdf","226631","False"
"8A02881B72E4CA33D5E41F851DAC8B647A799BB84F64EF1A128A78A54E6CD94A","C:\Users\peewe\OneDrive\Desktop\homeix\sweep_up\inbox\copenhagen-economics_impact-of-the-final-basel-iii-framework-in-sweden.pdf",".pdf","2130721","False"
"EAB74FDF54B84B17A99F22FC0908D5FEC1C4DFE415800A73FAC1124D40C3B92F","C:\Users\peewe\OneDrive\Desktop\homeix\sweep_up\inbox\england_wales_cash_share_quarterly.png",".png","145873","False"
"FE147BF9774426599ED84BF7636D204B2857C59EF57AE06E0862B11055982635","C:\Users\peewe\OneDrive\Desktop\homeix\sweep_up\inbox\exhibit_1_turnover_cashshare_annual.png",".png","108995","False"
"08ED063FFD71AC007F61FE98C3F19A6DDD17503B286A1046924AC2BF206EED2C","C:\Users\peewe\OneDrive\Desktop\homeix\sweep_up\inbox\exhibit_2a_transaction_levels_annual.png",".png","108642","False"
"1B6CF86C5293946BADC9A645F82E737EC5116AE5D36538FD70B2741D7DD0771E","C:\Users\peewe\OneDrive\Desktop\homeix\sweep_up\inbox\exhibit_2b_transaction_mix_shares_annual.png",".png","75983","False"
"C173DF3122AF4FC93ACAC18656DEDDB77DCDB0585B49A851C8D6765927008ECE","C:\Users\peewe\OneDrive\Desktop\homeix\sweep_up\inbox\exhibit_4_price_vs_turnover_index_annual.png",".png","108775","False"
"93C762AEE579CD9389641922CF3248C3B622E475E53AFDDCC96AA93EA1760F11","C:\Users\peewe\OneDrive\Desktop\homeix\sweep_up\inbox\exhibit_cashshare_diagnostics_england.png",".png","163968","False"
"7A248090B2EABE312F2AC4926609D202175870116ABC5643FAB9BD0C8A5960D9","C:\Users\peewe\OneDrive\Desktop\homeix\sweep_up\inbox\Final-Logo white.png.png",".png","81642","False"
"2813B095C5D1593CC7B3E5F0F14477B5520D9A7E6ABAD0543E92EE610B48CB89","C:\Users\peewe\OneDrive\Desktop\homeix\sweep_up\inbox\homeix_fair_paper.pdf",".pdf","567880","False"
"B2EFE54F354681E3C9023C92484A02CF9D5240562A09247E1731613659F189F1","C:\Users\peewe\OneDrive\Desktop\homeix\sweep_up\inbox\homeix_market_depth_turnover_1998_2023.png",".png","182760","False"
"FC9490085EBA3087D0BF8EAF38CDD4EE7249A968FA24CD4CB804306F1EB66984","C:\Users\peewe\OneDrive\Desktop\homeix\sweep_up\inbox\homeix_market_depth_turnover_1998_2023.svg",".svg","71272","False"
"19556274D0ECED5A4AE572A32FD28B8501800800CD291BB85CA1025118F45FC2","C:\Users\peewe\OneDrive\Desktop\homeix\sweep_up\inbox\The Scheme for Housing Abundance - Monica AI Chat.pdf",".pdf","15328056","False"
"84AE4C3E25192116351A0E43318E665EE61D786FE6CF169D86C1130309352E96","C:\Users\peewe\OneDrive\Desktop\homeix\sweep_up\inbox\What has growth been like over the last 3000 years - 1.png",".png","88734","False"
"CE2FF9FA5D3EE46CBE6762062B8954845E0F4F4287706467A55138A2BC9F88CE","C:\Users\peewe\OneDrive\Desktop\homeix\sweep_up\inbox\width_531.png",".png","62090","False"
"7BEE519F17202E4132013A5D57752385911FF66B5A68B7BBEC478F81CC771A07","C:\Users\peewe\OneDrive\Desktop\homeix\sweep_up\inbox\3_outputs\0025_federal-debt-hist-full-708x531.gif",".gif","47623","False"
"7F943B706E24D24A569D5D79B73F806F4761189EF7CF6E2A1468A0DA5F74DBC2","C:\Users\peewe\OneDrive\Desktop\homeix\sweep_up\inbox\3_outputs\anim_fair_direction_of_flow.gif",".gif","1880532","False"
"7F943B706E24D24A569D5D79B73F806F4761189EF7CF6E2A1468A0DA5F74DBC2","C:\Users\peewe\OneDrive\Desktop\homeix\sweep_up\inbox\3_outputs\anim_fair_flow.gif",".gif","1880532","False"
"C22F208D16D0D38B1852EE2FA467672CAA65AC8DABB225CCD02E2DDD33ED6DDA","C:\Users\peewe\OneDrive\Desktop\homeix\sweep_up\inbox\3_outputs\tenor-2-1-150x130.gif",".gif","9067","False"
"E7D3D1ED3F06788A7B896A5FFD04DF75E3C92161A1CC9A28A7B1F5494CF3F446","C:\Users\peewe\OneDrive\Desktop\homeix\sweep_up\inbox\3_outputs\von-neumanns-elephant-gif-downsized_large-1-300x169.gif",".gif","82614","False"
"81DC676201D21E6B748EAB88B73EE591B4EDBA5E8D8EB0039DDC0497C8889197","C:\Users\peewe\OneDrive\Desktop\homeix\sweep_up\inbox\3_outputs\figures\fig_fair_level.png",".png","160907","False"
"55F40003EA23702BBE52299E4FDE8A321C5FC6D48CF72252BAEF799020CB37E1","C:\Users\peewe\OneDrive\Desktop\homeix\sweep_up\inbox\assets\fair\fig_fair_contributions.png",".png","210798","False"
"06B767948A98732EB8501C0333884AF742972E3141CC544A58AD70D2B9F0613D","C:\Users\peewe\OneDrive\Desktop\homeix\sweep_up\inbox\assets\fair\fig_fair_level.png",".png","159803","False"
"EAB74FDF54B84B17A99F22FC0908D5FEC1C4DFE415800A73FAC1124D40C3B92F","C:\Users\peewe\OneDrive\Desktop\homeix\sweep_up\inbox\publication\print_20260301_083048\figures\england_wales_cash_share_quarterly.png",".png","145873","False"
"EAB74FDF54B84B17A99F22FC0908D5FEC1C4DFE415800A73FAC1124D40C3B92F","C:\Users\peewe\OneDrive\Desktop\homeix\sweep_up\inbox\publication\print_20260301_094010\figures\england_wales_cash_share_quarterly.png",".png","145873","False"
"9933587FF16271DBC1B2C7E28BE9FF51969C15C981ACD6FA454D7D7DABEF59EE","C:\Users\peewe\OneDrive\Desktop\homeix\sweep_up\reviewed\20090522_nb_casp_full_indexed.pdf",".pdf","2139342","False"
"99DB8ABDFAE64615CDD63D06FBA2B597439210CB9D9281F375834E16E7D30AFB","C:\Users\peewe\OneDrive\Desktop\homeix\sweep_up\reviewed\The Scheme for Housing Abundance - Monica AI Chat.pdf",".pdf","22867285","False"
"83E856D90D814488BA9E21B086B9F2D78788C1D5DC49DEE827CA1A4CB621E064","C:\Users\peewe\OneDrive\Desktop\homeix\_epub_extract\unzipped\anim_fair_direction_of_flow.gif",".gif","1783940","False"
"7F943B706E24D24A569D5D79B73F806F4761189EF7CF6E2A1468A0DA5F74DBC2","C:\Users\peewe\OneDrive\Desktop\homeix\_epub_extract\unzipped\anim_fair_flow.gif",".gif","1880532","False"
"0C71D4BDD1A714CCAC94E263735C3D3D08B4C2FE1D616EA16ECFBDFA54FB65C5","C:\Users\peewe\OneDrive\Desktop\homeix\_epub_extract\unzipped\cover_image.jpg",".jpg","90131","False"
"092CFB2A94A42FD1C53D1F9169AFF3BA6D424A6EC086BABB11829587BF228E50","C:\Users\peewe\OneDrive\Desktop\homeix\_epub_extract\unzipped\fig_fair_contrib.png",".png","227008","False"
"55F40003EA23702BBE52299E4FDE8A321C5FC6D48CF72252BAEF799020CB37E1","C:\Users\peewe\OneDrive\Desktop\homeix\_epub_extract\unzipped\fig_fair_contributions.png",".png","210798","False"
"55F40003EA23702BBE52299E4FDE8A321C5FC6D48CF72252BAEF799020CB37E1","C:\Users\peewe\OneDrive\Desktop\homeix\_epub_extract\unzipped\fig_fair_contributions1.png",".png","210798","False"
"9269595E1AD0D7AB255849CEA896F05EDDBCC2344A4B786EB8E741F21AD1B629","C:\Users\peewe\OneDrive\Desktop\homeix\_epub_extract\unzipped\fig_fair_level.png",".png","167049","False"
"06B767948A98732EB8501C0333884AF742972E3141CC544A58AD70D2B9F0613D","C:\Users\peewe\OneDrive\Desktop\homeix\_epub_extract\unzipped\fig_fair_level1.png",".png","159803","False"
"06B767948A98732EB8501C0333884AF742972E3141CC544A58AD70D2B9F0613D","C:\Users\peewe\OneDrive\Desktop\homeix\_epub_extract\unzipped\fig_fair_level2.png",".png","159803","False"
"EEF8CBD9D6BF8E9C0F4783A6862F1DF43982248D3D4DDA0147A3CB01DC0F1722","C:\Users\peewe\OneDrive\Desktop\homeix\_epub_extract\unzipped\fig_price_and_fair_with_crash_starts.png",".png","163006","False"
